scaffold	window	type	n
CM044164.1_RagTag	0	W	1
CM044164.1_RagTag	2230	U	1
CM044164.1_RagTag	2231	W	1
CM044164.1_RagTag	3296	U	1
CM044164.1_RagTag	3296	W	1
CM044164.1_RagTag	5792	U	1
CM044164.1_RagTag	5793	W	1
CM044164.1_RagTag	7519	U	1
CM044164.1_RagTag	7519	W	1
CM044164.1_RagTag	8575	U	1
CM044164.1_RagTag	8575	W	1
CM044164.1_RagTag	8915	U	1
CM044164.1_RagTag	8916	W	1
CM044164.1_RagTag	9029	U	1
CM044164.1_RagTag	9029	W	1
CM044164.1_RagTag	9149	U	1
CM044164.1_RagTag	9149	W	1
CM044164.1_RagTag	13163	U	1
CM044164.1_RagTag	13163	W	1
CM044164.1_RagTag	13581	U	1
CM044164.1_RagTag	13581	W	1
CM044164.1_RagTag	13678	U	1
CM044164.1_RagTag	13678	W	1
CM044164.1_RagTag	14452	U	1
CM044164.1_RagTag	14452	W	1
CM044164.1_RagTag	15006	U	1
CM044164.1_RagTag	15007	W	1
CM044164.1_RagTag	15040	U	1
CM044164.1_RagTag	15040	W	1
CM044164.1_RagTag	16142	U	1
CM044164.1_RagTag	16142	W	1
CM044164.1_RagTag	16275	U	1
CM044164.1_RagTag	16276	W	1
CM044164.1_RagTag	18950	U	1
CM044164.1_RagTag	18950	W	1
CM044164.1_RagTag	19043	U	1
CM044164.1_RagTag	19043	W	1
CM044164.1_RagTag	19129	U	1
CM044164.1_RagTag	19129	W	1
CM044164.1_RagTag	19213	U	1
CM044164.1_RagTag	19213	W	1
CM044164.1_RagTag	19304	N	1
CM044164.1_RagTag	19349	W	1
CM044164.1_RagTag	19461	U	1
CM044164.1_RagTag	19461	W	1
CM044164.1_RagTag	19501	U	1
CM044164.1_RagTag	19501	W	1
CM044164.1_RagTag	19618	U	1
CM044164.1_RagTag	19618	W	1
CM044164.1_RagTag	19766	U	1
CM044164.1_RagTag	19766	W	1
CM044164.1_RagTag	20465	U	1
CM044164.1_RagTag	20465	W	1
CM044164.1_RagTag	20870	N	1
CM044164.1_RagTag	20945	W	1
CM044164.1_RagTag	21379	U	1
CM044164.1_RagTag	21379	W	1
CM044164.1_RagTag	21502	U	1
CM044164.1_RagTag	21502	W	1
CM044164.1_RagTag	21588	N	1
CM044164.1_RagTag	21601	W	1
CM044164.1_RagTag	23157	U	1
CM044164.1_RagTag	23157	W	1
CM044164.1_RagTag	23736	U	1
CM044164.1_RagTag	23736	W	1
CM044164.1_RagTag	23769	U	1
CM044164.1_RagTag	23769	W	1
CM044164.1_RagTag	23798	U	1
CM044164.1_RagTag	23798	W	1
CM044164.1_RagTag	24107	U	1
CM044164.1_RagTag	24107	W	1
CM044164.1_RagTag	24214	U	1
CM044164.1_RagTag	24214	W	1
CM044164.1_RagTag	24815	U	1
CM044164.1_RagTag	24815	W	1
CM044164.1_RagTag	25109	U	1
CM044164.1_RagTag	25109	W	1
CM044164.1_RagTag	31397	U	1
CM044164.1_RagTag	31398	W	1
CM044164.1_RagTag	32154	U	1
CM044164.1_RagTag	32154	W	1
CM044164.1_RagTag	33370	U	1
CM044164.1_RagTag	33370	W	1
CM044164.1_RagTag	34111	U	1
CM044164.1_RagTag	34111	W	1
CM044164.1_RagTag	35438	U	1
CM044164.1_RagTag	35439	W	1
CM044164.1_RagTag	35755	U	1
CM044164.1_RagTag	35755	W	1
CM044164.1_RagTag	35784	U	1
CM044164.1_RagTag	35784	W	1
CM044164.1_RagTag	36936	U	1
CM044164.1_RagTag	36936	W	1
CM044164.1_RagTag	40743	U	1
CM044164.1_RagTag	40743	W	1
CM044164.1_RagTag	43946	U	1
CM044164.1_RagTag	43946	W	1
CM044164.1_RagTag	45332	U	1
CM044164.1_RagTag	45332	W	1
CM044164.1_RagTag	45431	U	1
CM044164.1_RagTag	45432	W	1
CM044164.1_RagTag	48052	U	1
CM044164.1_RagTag	48052	W	1
CM044164.1_RagTag	49360	U	1
CM044164.1_RagTag	49360	W	1
CM044164.1_RagTag	49704	U	1
CM044164.1_RagTag	49704	W	1
CM044164.1_RagTag	49831	U	1
CM044164.1_RagTag	49832	W	1
CM044164.1_RagTag	50043	U	1
CM044164.1_RagTag	50043	W	1
CM044164.1_RagTag	50978	U	1
CM044164.1_RagTag	50979	W	1
CM044164.1_RagTag	52603	U	1
CM044164.1_RagTag	52603	W	1
CM044165.1_RagTag	0	W	1
CM044165.1_RagTag	19	U	1
CM044165.1_RagTag	19	W	1
CM044165.1_RagTag	253	U	1
CM044165.1_RagTag	253	W	1
CM044165.1_RagTag	6378	U	1
CM044165.1_RagTag	6378	W	1
CM044165.1_RagTag	6454	U	1
CM044165.1_RagTag	6454	W	1
CM044165.1_RagTag	7869	U	1
CM044165.1_RagTag	7869	W	1
CM044165.1_RagTag	12034	U	1
CM044165.1_RagTag	12034	W	1
CM044165.1_RagTag	12946	U	1
CM044165.1_RagTag	12946	W	1
CM044165.1_RagTag	18974	U	1
CM044165.1_RagTag	18974	W	1
CM044165.1_RagTag	19901	U	1
CM044165.1_RagTag	19901	W	1
CM044165.1_RagTag	20030	U	1
CM044165.1_RagTag	20030	W	1
CM044165.1_RagTag	20169	U	1
CM044165.1_RagTag	20169	W	1
CM044165.1_RagTag	23825	U	1
CM044165.1_RagTag	23825	W	1
CM044165.1_RagTag	24312	U	1
CM044165.1_RagTag	24312	W	1
CM044165.1_RagTag	25037	U	1
CM044165.1_RagTag	25038	W	1
CM044165.1_RagTag	25629	U	1
CM044165.1_RagTag	25629	W	1
CM044165.1_RagTag	25706	U	1
CM044165.1_RagTag	25706	W	1
CM044165.1_RagTag	25779	U	1
CM044165.1_RagTag	25779	W	1
CM044165.1_RagTag	25860	N	1
CM044165.1_RagTag	25907	W	1
CM044165.1_RagTag	27335	U	1
CM044165.1_RagTag	27335	W	1
CM044165.1_RagTag	27462	U	1
CM044165.1_RagTag	27462	W	1
CM044165.1_RagTag	27499	U	1
CM044165.1_RagTag	27499	W	1
CM044165.1_RagTag	27660	U	1
CM044165.1_RagTag	27660	W	1
CM044165.1_RagTag	28177	U	1
CM044165.1_RagTag	28177	W	1
CM044165.1_RagTag	29832	U	1
CM044165.1_RagTag	29832	W	1
CM044165.1_RagTag	30159	U	1
CM044165.1_RagTag	30159	W	1
CM044165.1_RagTag	31762	U	1
CM044165.1_RagTag	31762	W	1
CM044165.1_RagTag	31920	N	1
CM044165.1_RagTag	31985	W	1
CM044165.1_RagTag	32337	U	1
CM044165.1_RagTag	32337	W	1
CM044165.1_RagTag	32560	U	1
CM044165.1_RagTag	32560	W	1
CM044165.1_RagTag	32725	U	1
CM044165.1_RagTag	32725	W	1
CM044165.1_RagTag	32869	U	1
CM044165.1_RagTag	32869	W	1
CM044165.1_RagTag	33500	U	1
CM044165.1_RagTag	33500	W	1
CM044165.1_RagTag	36960	U	1
CM044165.1_RagTag	36960	W	1
CM044165.1_RagTag	37570	U	1
CM044165.1_RagTag	37570	W	1
CM044165.1_RagTag	37621	U	1
CM044165.1_RagTag	37621	W	1
CM044165.1_RagTag	37780	U	1
CM044165.1_RagTag	37780	W	1
CM044165.1_RagTag	37865	U	1
CM044165.1_RagTag	37865	W	1
CM044165.1_RagTag	39026	U	1
CM044165.1_RagTag	39026	W	1
CM044165.1_RagTag	40569	U	1
CM044165.1_RagTag	40569	W	1
CM044165.1_RagTag	40682	U	1
CM044165.1_RagTag	40682	W	1
CM044165.1_RagTag	40862	U	1
CM044165.1_RagTag	40862	W	1
CM044165.1_RagTag	41141	U	1
CM044165.1_RagTag	41141	W	1
CM044165.1_RagTag	41250	N	1
CM044165.1_RagTag	41294	W	1
CM044165.1_RagTag	41353	U	1
CM044165.1_RagTag	41353	W	1
CM044166.1_RagTag	0	W	1
CM044166.1_RagTag	2044	U	1
CM044166.1_RagTag	2044	W	1
CM044166.1_RagTag	5525	U	1
CM044166.1_RagTag	5525	W	1
CM044166.1_RagTag	5682	U	1
CM044166.1_RagTag	5682	W	1
CM044166.1_RagTag	6059	U	1
CM044166.1_RagTag	6059	W	1
CM044166.1_RagTag	6424	U	1
CM044166.1_RagTag	6424	W	1
CM044166.1_RagTag	9780	U	1
CM044166.1_RagTag	9780	W	1
CM044166.1_RagTag	10322	U	1
CM044166.1_RagTag	10323	W	1
CM044166.1_RagTag	10548	U	1
CM044166.1_RagTag	10548	W	1
CM044166.1_RagTag	10691	U	1
CM044166.1_RagTag	10691	W	1
CM044166.1_RagTag	13388	U	1
CM044166.1_RagTag	13388	W	1
CM044166.1_RagTag	13765	U	1
CM044166.1_RagTag	13765	W	1
CM044166.1_RagTag	14848	U	1
CM044166.1_RagTag	14849	W	1
CM044166.1_RagTag	15745	U	1
CM044166.1_RagTag	15745	W	1
CM044166.1_RagTag	15880	U	1
CM044166.1_RagTag	15880	W	1
CM044166.1_RagTag	16513	U	1
CM044166.1_RagTag	16513	W	1
CM044166.1_RagTag	16535	U	1
CM044166.1_RagTag	16536	W	1
CM044166.1_RagTag	16591	U	1
CM044166.1_RagTag	16591	W	1
CM044166.1_RagTag	16615	N	1
CM044166.1_RagTag	16685	W	1
CM044166.1_RagTag	16932	U	1
CM044166.1_RagTag	16932	W	1
CM044166.1_RagTag	17036	U	1
CM044166.1_RagTag	17036	W	1
CM044166.1_RagTag	19573	U	1
CM044166.1_RagTag	19573	W	1
CM044166.1_RagTag	19673	N	1
CM044166.1_RagTag	19676	W	1
CM044166.1_RagTag	19748	U	1
CM044166.1_RagTag	19749	W	1
CM044166.1_RagTag	19888	U	1
CM044166.1_RagTag	19888	W	1
CM044166.1_RagTag	20064	U	1
CM044166.1_RagTag	20064	W	1
CM044166.1_RagTag	20562	U	1
CM044166.1_RagTag	20562	W	1
CM044166.1_RagTag	20871	U	1
CM044166.1_RagTag	20871	W	1
CM044166.1_RagTag	21428	U	1
CM044166.1_RagTag	21428	W	1
CM044166.1_RagTag	21690	U	1
CM044166.1_RagTag	21690	W	1
CM044166.1_RagTag	24223	U	1
CM044166.1_RagTag	24223	W	1
CM044166.1_RagTag	24259	U	1
CM044166.1_RagTag	24259	W	1
CM044166.1_RagTag	25381	U	1
CM044166.1_RagTag	25381	W	1
CM044166.1_RagTag	25639	U	1
CM044166.1_RagTag	25639	W	1
CM044166.1_RagTag	27463	U	1
CM044166.1_RagTag	27463	W	1
CM044166.1_RagTag	27920	U	1
CM044166.1_RagTag	27920	W	1
CM044166.1_RagTag	27993	U	1
CM044166.1_RagTag	27993	W	1
CM044166.1_RagTag	28473	U	1
CM044166.1_RagTag	28473	W	1
CM044166.1_RagTag	29063	U	1
CM044166.1_RagTag	29063	W	1
CM044166.1_RagTag	29208	U	1
CM044166.1_RagTag	29208	W	1
CM044166.1_RagTag	30034	U	1
CM044166.1_RagTag	30034	W	1
CM044166.1_RagTag	31927	U	1
CM044166.1_RagTag	31927	W	1
CM044166.1_RagTag	32160	U	1
CM044166.1_RagTag	32160	W	1
CM044166.1_RagTag	33197	U	1
CM044166.1_RagTag	33197	W	1
CM044166.1_RagTag	34631	U	1
CM044166.1_RagTag	34631	W	1
CM044166.1_RagTag	37166	U	1
CM044166.1_RagTag	37166	W	1
CM044166.1_RagTag	40787	U	1
CM044166.1_RagTag	40787	W	1
CM044166.1_RagTag	48919	U	1
CM044166.1_RagTag	48920	W	1
CM044166.1_RagTag	54027	U	1
CM044166.1_RagTag	54027	W	1
CM044166.1_RagTag	55694	U	1
CM044166.1_RagTag	55695	W	1
CM044167.1_RagTag	0	W	1
CM044167.1_RagTag	488	U	1
CM044167.1_RagTag	488	W	1
CM044167.1_RagTag	2009	U	1
CM044167.1_RagTag	2009	W	1
CM044167.1_RagTag	7077	U	1
CM044167.1_RagTag	7077	W	1
CM044167.1_RagTag	10203	U	1
CM044167.1_RagTag	10203	W	1
CM044167.1_RagTag	10297	U	1
CM044167.1_RagTag	10297	W	1
CM044167.1_RagTag	10732	U	1
CM044167.1_RagTag	10732	W	1
CM044167.1_RagTag	11867	U	1
CM044167.1_RagTag	11867	W	1
CM044167.1_RagTag	13223	U	1
CM044167.1_RagTag	13223	W	1
CM044167.1_RagTag	14465	U	1
CM044167.1_RagTag	14465	W	1
CM044167.1_RagTag	15738	U	1
CM044167.1_RagTag	15738	W	1
CM044167.1_RagTag	15801	N	1
CM044167.1_RagTag	15888	W	1
CM044167.1_RagTag	16038	U	1
CM044167.1_RagTag	16039	W	1
CM044167.1_RagTag	16507	U	1
CM044167.1_RagTag	16507	W	1
CM044167.1_RagTag	17057	U	1
CM044167.1_RagTag	17057	W	1
CM044167.1_RagTag	18094	U	1
CM044167.1_RagTag	18094	W	1
CM044167.1_RagTag	18617	U	1
CM044167.1_RagTag	18617	W	1
CM044167.1_RagTag	18976	U	1
CM044167.1_RagTag	18976	W	1
CM044167.1_RagTag	19223	U	1
CM044167.1_RagTag	19223	W	1
CM044167.1_RagTag	20501	U	1
CM044167.1_RagTag	20501	W	1
CM044167.1_RagTag	22273	U	1
CM044167.1_RagTag	22274	W	1
CM044167.1_RagTag	23507	U	1
CM044167.1_RagTag	23507	W	1
CM044167.1_RagTag	24191	U	1
CM044167.1_RagTag	24191	W	1
CM044167.1_RagTag	25308	U	1
CM044167.1_RagTag	25308	W	1
CM044167.1_RagTag	25405	U	1
CM044167.1_RagTag	25405	W	1
CM044167.1_RagTag	25934	U	1
CM044167.1_RagTag	25934	W	1
CM044167.1_RagTag	28113	U	1
CM044167.1_RagTag	28113	W	1
CM044167.1_RagTag	28254	U	1
CM044167.1_RagTag	28254	W	1
CM044167.1_RagTag	31245	U	1
CM044167.1_RagTag	31245	W	1
CM044167.1_RagTag	31595	U	1
CM044167.1_RagTag	31595	W	1
CM044167.1_RagTag	34043	U	1
CM044167.1_RagTag	34043	W	1
CM044167.1_RagTag	38856	U	1
CM044167.1_RagTag	38856	W	1
CM044167.1_RagTag	42621	U	1
CM044167.1_RagTag	42621	W	1
CM044167.1_RagTag	42892	U	1
CM044167.1_RagTag	42893	W	1
CM044167.1_RagTag	43246	U	1
CM044167.1_RagTag	43246	W	1
CM044167.1_RagTag	45486	U	1
CM044167.1_RagTag	45486	W	1
CM044167.1_RagTag	45779	U	1
CM044167.1_RagTag	45779	W	1
CM044167.1_RagTag	46190	N	1
CM044167.1_RagTag	46218	W	1
CM044167.1_RagTag	46539	U	1
CM044167.1_RagTag	46539	W	1
CM044167.1_RagTag	46981	U	1
CM044167.1_RagTag	46981	W	1
CM044167.1_RagTag	47124	U	1
CM044167.1_RagTag	47124	W	1
CM044167.1_RagTag	47513	U	1
CM044167.1_RagTag	47513	W	1
CM044167.1_RagTag	47748	U	1
CM044167.1_RagTag	47748	W	1
CM044167.1_RagTag	49607	N	1
CM044167.1_RagTag	49665	W	1
CM044167.1_RagTag	49808	U	1
CM044167.1_RagTag	49808	W	1
CM044167.1_RagTag	51302	U	1
CM044167.1_RagTag	51302	W	1
CM044167.1_RagTag	53944	U	1
CM044167.1_RagTag	53944	W	1
CM044167.1_RagTag	54196	N	1
CM044167.1_RagTag	54217	W	1
CM044167.1_RagTag	57237	U	1
CM044167.1_RagTag	57237	W	1
CM044167.1_RagTag	57362	U	1
CM044167.1_RagTag	57362	W	1
CM044167.1_RagTag	57520	U	1
CM044167.1_RagTag	57520	W	1
CM044167.1_RagTag	58341	U	1
CM044167.1_RagTag	58341	W	1
CM044167.1_RagTag	58752	U	1
CM044167.1_RagTag	58752	W	1
CM044167.1_RagTag	58821	N	1
CM044167.1_RagTag	58831	W	1
CM044167.1_RagTag	59421	U	1
CM044167.1_RagTag	59421	W	1
CM044167.1_RagTag	59828	U	1
CM044167.1_RagTag	59828	W	1
CM044167.1_RagTag	59886	U	1
CM044167.1_RagTag	59886	W	1
CM044167.1_RagTag	60128	U	1
CM044167.1_RagTag	60129	W	1
CM044167.1_RagTag	60309	U	1
CM044167.1_RagTag	60309	W	1
CM044167.1_RagTag	60731	N	1
CM044167.1_RagTag	60751	W	1
CM044167.1_RagTag	62924	U	1
CM044167.1_RagTag	62925	W	1
CM044167.1_RagTag	63314	U	1
CM044167.1_RagTag	63314	W	1
CM044167.1_RagTag	65174	U	1
CM044167.1_RagTag	65174	W	1
CM044167.1_RagTag	67292	U	1
CM044167.1_RagTag	67292	W	1
CM044167.1_RagTag	67678	U	1
CM044167.1_RagTag	67678	W	1
CM044167.1_RagTag	67763	U	1
CM044167.1_RagTag	67763	W	1
CM044167.1_RagTag	67960	U	1
CM044167.1_RagTag	67960	W	1
CM044167.1_RagTag	68276	U	1
CM044167.1_RagTag	68276	W	1
CM044167.1_RagTag	69146	U	1
CM044167.1_RagTag	69146	W	1
CM044167.1_RagTag	69374	U	1
CM044167.1_RagTag	69374	W	1
CM044167.1_RagTag	70227	U	1
CM044167.1_RagTag	70227	W	1
CM044167.1_RagTag	70251	U	1
CM044167.1_RagTag	70251	W	1
CM044167.1_RagTag	70335	U	1
CM044167.1_RagTag	70335	W	1
CM044167.1_RagTag	70578	U	1
CM044167.1_RagTag	70578	W	1
CM044167.1_RagTag	72017	U	1
CM044167.1_RagTag	72017	W	1
CM044167.1_RagTag	72122	U	1
CM044167.1_RagTag	72122	W	1
CM044167.1_RagTag	72226	U	1
CM044167.1_RagTag	72226	W	1
CM044167.1_RagTag	72298	N	1
CM044167.1_RagTag	72327	W	1
CM044167.1_RagTag	72409	U	1
CM044167.1_RagTag	72409	W	1
CM044167.1_RagTag	72446	N	1
CM044167.1_RagTag	72534	W	1
CM044167.1_RagTag	72597	N	1
CM044167.1_RagTag	72646	W	1
CM044167.1_RagTag	72682	U	1
CM044167.1_RagTag	72682	W	1
CM044167.1_RagTag	73876	U	1
CM044167.1_RagTag	73876	W	1
CM044167.1_RagTag	74088	U	1
CM044167.1_RagTag	74088	W	1
CM044167.1_RagTag	74287	U	1
CM044167.1_RagTag	74288	W	1
CM044167.1_RagTag	74440	U	1
CM044167.1_RagTag	74440	W	1
CM044167.1_RagTag	74604	U	1
CM044167.1_RagTag	74604	W	1
CM044167.1_RagTag	74672	U	1
CM044167.1_RagTag	74672	W	1
CM044167.1_RagTag	74735	U	1
CM044167.1_RagTag	74735	W	1
CM044167.1_RagTag	74848	U	1
CM044167.1_RagTag	74848	W	1
CM044167.1_RagTag	75331	U	1
CM044167.1_RagTag	75331	W	1
CM044167.1_RagTag	75412	U	1
CM044167.1_RagTag	75412	W	1
CM044167.1_RagTag	75764	U	1
CM044167.1_RagTag	75765	W	1
CM044167.1_RagTag	75822	U	1
CM044167.1_RagTag	75822	W	1
CM044167.1_RagTag	75915	U	1
CM044167.1_RagTag	75915	W	1
CM044167.1_RagTag	75987	U	1
CM044167.1_RagTag	75987	W	1
CM044167.1_RagTag	76009	U	1
CM044167.1_RagTag	76009	W	1
CM044167.1_RagTag	76231	U	1
CM044167.1_RagTag	76231	W	1
CM044167.1_RagTag	77183	U	1
CM044167.1_RagTag	77183	W	1
CM044167.1_RagTag	77313	U	1
CM044167.1_RagTag	77313	W	1
CM044167.1_RagTag	78500	U	1
CM044167.1_RagTag	78500	W	1
CM044167.1_RagTag	78984	U	1
CM044167.1_RagTag	78984	W	1
CM044167.1_RagTag	82814	U	1
CM044167.1_RagTag	82814	W	1
CM044167.1_RagTag	83253	N	1
CM044167.1_RagTag	83342	W	1
CM044167.1_RagTag	83399	U	1
CM044167.1_RagTag	83399	W	1
CM044167.1_RagTag	84833	U	1
CM044167.1_RagTag	84833	W	1
CM044167.1_RagTag	86853	U	1
CM044167.1_RagTag	86853	W	1
CM044167.1_RagTag	86892	U	1
CM044167.1_RagTag	86892	W	1
CM044167.1_RagTag	87083	U	1
CM044167.1_RagTag	87083	W	1
CM044167.1_RagTag	87737	U	1
CM044167.1_RagTag	87737	W	1
CM044167.1_RagTag	89578	U	1
CM044167.1_RagTag	89578	W	1
CM044167.1_RagTag	90427	U	1
CM044167.1_RagTag	90427	W	1
CM044167.1_RagTag	90876	U	1
CM044167.1_RagTag	90876	W	1
CM044167.1_RagTag	91638	U	1
CM044167.1_RagTag	91639	W	1
CM044167.1_RagTag	92415	U	1
CM044167.1_RagTag	92415	W	1
CM044167.1_RagTag	94288	U	1
CM044167.1_RagTag	94288	W	1
CM044168.1_RagTag	0	W	1
CM044168.1_RagTag	219	U	1
CM044168.1_RagTag	219	W	1
CM044168.1_RagTag	2140	U	1
CM044168.1_RagTag	2140	W	1
CM044168.1_RagTag	4876	U	1
CM044168.1_RagTag	4876	W	1
CM044168.1_RagTag	8988	U	1
CM044168.1_RagTag	8988	W	1
CM044168.1_RagTag	9017	U	1
CM044168.1_RagTag	9017	W	1
CM044168.1_RagTag	9655	U	1
CM044168.1_RagTag	9655	W	1
CM044168.1_RagTag	11896	U	1
CM044168.1_RagTag	11896	W	1
CM044168.1_RagTag	12233	U	1
CM044168.1_RagTag	12233	W	1
CM044168.1_RagTag	12364	U	1
CM044168.1_RagTag	12364	W	1
CM044168.1_RagTag	13228	U	1
CM044168.1_RagTag	13228	W	1
CM044168.1_RagTag	13474	U	1
CM044168.1_RagTag	13474	W	1
CM044168.1_RagTag	14053	U	1
CM044168.1_RagTag	14053	W	1
CM044168.1_RagTag	15171	U	1
CM044168.1_RagTag	15171	W	1
CM044168.1_RagTag	15495	U	1
CM044168.1_RagTag	15495	W	1
CM044168.1_RagTag	16308	U	1
CM044168.1_RagTag	16308	W	1
CM044168.1_RagTag	16439	U	1
CM044168.1_RagTag	16439	W	1
CM044168.1_RagTag	16858	U	1
CM044168.1_RagTag	16859	W	1
CM044168.1_RagTag	16924	U	1
CM044168.1_RagTag	16924	W	1
CM044168.1_RagTag	18052	U	1
CM044168.1_RagTag	18052	W	1
CM044168.1_RagTag	23237	N	1
CM044168.1_RagTag	23239	W	1
CM044168.1_RagTag	23289	U	1
CM044168.1_RagTag	23289	W	1
CM044168.1_RagTag	24373	U	1
CM044168.1_RagTag	24373	W	1
CM044168.1_RagTag	24691	N	1
CM044168.1_RagTag	24694	W	1
CM044168.1_RagTag	24856	U	1
CM044168.1_RagTag	24856	W	1
CM044168.1_RagTag	26221	N	1
CM044168.1_RagTag	26319	W	1
CM044168.1_RagTag	26556	U	1
CM044168.1_RagTag	26556	W	1
CM044168.1_RagTag	27060	U	1
CM044168.1_RagTag	27061	W	1
CM044168.1_RagTag	27116	N	1
CM044168.1_RagTag	27119	W	1
CM044168.1_RagTag	27413	U	1
CM044168.1_RagTag	27413	W	1
CM044168.1_RagTag	28478	U	1
CM044168.1_RagTag	28478	W	1
CM044168.1_RagTag	29994	U	1
CM044168.1_RagTag	29994	W	1
CM044168.1_RagTag	30178	U	1
CM044168.1_RagTag	30178	W	1
CM044168.1_RagTag	30374	U	1
CM044168.1_RagTag	30374	W	1
CM044168.1_RagTag	30624	N	1
CM044168.1_RagTag	30665	W	1
CM044168.1_RagTag	30780	N	1
CM044168.1_RagTag	30792	W	1
CM044168.1_RagTag	31051	U	1
CM044168.1_RagTag	31051	W	1
CM044168.1_RagTag	31278	U	1
CM044168.1_RagTag	31278	W	1
CM044168.1_RagTag	35742	U	1
CM044168.1_RagTag	35742	W	1
CM044168.1_RagTag	36284	U	1
CM044168.1_RagTag	36284	W	1
CM044168.1_RagTag	36886	U	1
CM044168.1_RagTag	36886	W	1
CM044168.1_RagTag	37253	U	1
CM044168.1_RagTag	37253	W	1
CM044168.1_RagTag	37869	U	1
CM044168.1_RagTag	37869	W	1
CM044168.1_RagTag	38655	U	1
CM044168.1_RagTag	38655	W	1
CM044168.1_RagTag	38722	U	1
CM044168.1_RagTag	38722	W	1
CM044168.1_RagTag	40758	U	1
CM044168.1_RagTag	40759	W	1
CM044168.1_RagTag	40897	N	1
CM044168.1_RagTag	40954	W	1
CM044168.1_RagTag	41019	U	1
CM044168.1_RagTag	41019	W	1
CM044168.1_RagTag	41084	U	1
CM044168.1_RagTag	41084	W	1
CM044168.1_RagTag	41868	U	1
CM044168.1_RagTag	41868	W	1
CM044168.1_RagTag	41997	U	1
CM044168.1_RagTag	41997	W	1
CM044168.1_RagTag	42028	U	1
CM044168.1_RagTag	42028	W	1
CM044168.1_RagTag	42081	U	1
CM044168.1_RagTag	42081	W	1
CM044168.1_RagTag	42224	U	1
CM044168.1_RagTag	42224	W	1
CM044168.1_RagTag	42406	U	1
CM044168.1_RagTag	42406	W	1
CM044168.1_RagTag	42450	U	1
CM044168.1_RagTag	42450	W	1
CM044168.1_RagTag	42527	U	1
CM044168.1_RagTag	42527	W	1
CM044168.1_RagTag	42693	U	1
CM044168.1_RagTag	42693	W	1
CM044168.1_RagTag	42778	N	1
CM044168.1_RagTag	42816	W	1
CM044168.1_RagTag	42862	U	1
CM044168.1_RagTag	42862	W	1
CM044168.1_RagTag	43401	U	1
CM044168.1_RagTag	43401	W	1
CM044168.1_RagTag	43747	U	1
CM044168.1_RagTag	43747	W	1
CM044168.1_RagTag	43776	U	1
CM044168.1_RagTag	43776	W	1
CM044168.1_RagTag	44848	N	1
CM044168.1_RagTag	44908	W	1
CM044168.1_RagTag	44959	U	1
CM044168.1_RagTag	44959	W	1
CM044168.1_RagTag	45013	U	1
CM044168.1_RagTag	45013	W	1
CM044168.1_RagTag	45375	U	1
CM044168.1_RagTag	45375	W	1
CM044168.1_RagTag	45845	U	1
CM044168.1_RagTag	45845	W	1
CM044168.1_RagTag	45912	U	1
CM044168.1_RagTag	45912	W	1
CM044168.1_RagTag	46237	U	1
CM044168.1_RagTag	46237	W	1
CM044168.1_RagTag	48243	U	1
CM044168.1_RagTag	48243	W	1
CM044168.1_RagTag	48446	U	1
CM044168.1_RagTag	48446	W	1
CM044168.1_RagTag	48517	U	1
CM044168.1_RagTag	48517	W	1
CM044168.1_RagTag	48629	U	1
CM044168.1_RagTag	48629	W	1
CM044168.1_RagTag	51072	U	1
CM044168.1_RagTag	51073	W	1
CM044168.1_RagTag	51733	U	1
CM044168.1_RagTag	51733	W	1
CM044168.1_RagTag	53819	U	1
CM044168.1_RagTag	53819	W	1
CM044168.1_RagTag	53924	U	1
CM044168.1_RagTag	53924	W	1
CM044168.1_RagTag	55356	U	1
CM044168.1_RagTag	55356	W	1
CM044168.1_RagTag	61331	U	1
CM044168.1_RagTag	61331	W	1
CM044169.1_RagTag	0	W	1
CM044169.1_RagTag	1343	U	1
CM044169.1_RagTag	1343	W	1
CM044169.1_RagTag	1521	U	1
CM044169.1_RagTag	1521	W	1
CM044169.1_RagTag	5479	U	1
CM044169.1_RagTag	5479	W	1
CM044169.1_RagTag	8425	U	1
CM044169.1_RagTag	8425	W	1
CM044169.1_RagTag	8522	U	1
CM044169.1_RagTag	8522	W	1
CM044169.1_RagTag	13417	U	1
CM044169.1_RagTag	13417	W	1
CM044169.1_RagTag	13521	U	1
CM044169.1_RagTag	13521	W	1
CM044169.1_RagTag	15243	U	1
CM044169.1_RagTag	15244	W	1
CM044169.1_RagTag	15635	U	1
CM044169.1_RagTag	15635	W	1
CM044169.1_RagTag	16095	U	1
CM044169.1_RagTag	16095	W	1
CM044169.1_RagTag	17586	U	1
CM044169.1_RagTag	17586	W	1
CM044169.1_RagTag	19838	U	1
CM044169.1_RagTag	19838	W	1
CM044169.1_RagTag	19969	U	1
CM044169.1_RagTag	19969	W	1
CM044169.1_RagTag	21552	U	1
CM044169.1_RagTag	21552	W	1
CM044169.1_RagTag	22537	U	1
CM044169.1_RagTag	22537	W	1
CM044169.1_RagTag	22576	U	1
CM044169.1_RagTag	22576	W	1
CM044169.1_RagTag	22912	U	1
CM044169.1_RagTag	22912	W	1
CM044169.1_RagTag	23593	U	1
CM044169.1_RagTag	23593	W	1
CM044169.1_RagTag	23713	U	1
CM044169.1_RagTag	23713	W	1
CM044169.1_RagTag	23831	U	1
CM044169.1_RagTag	23832	W	1
CM044169.1_RagTag	23899	U	1
CM044169.1_RagTag	23899	W	1
CM044169.1_RagTag	24366	U	1
CM044169.1_RagTag	24366	W	1
CM044169.1_RagTag	24524	U	1
CM044169.1_RagTag	24524	W	1
CM044169.1_RagTag	24600	N	1
CM044169.1_RagTag	24689	W	1
CM044169.1_RagTag	24746	U	1
CM044169.1_RagTag	24746	W	1
CM044169.1_RagTag	24826	U	1
CM044169.1_RagTag	24826	W	1
CM044169.1_RagTag	25020	N	1
CM044169.1_RagTag	25060	W	1
CM044169.1_RagTag	25088	U	1
CM044169.1_RagTag	25088	W	1
CM044169.1_RagTag	25267	U	1
CM044169.1_RagTag	25267	W	1
CM044169.1_RagTag	25410	U	1
CM044169.1_RagTag	25410	W	1
CM044169.1_RagTag	25441	U	1
CM044169.1_RagTag	25441	W	1
CM044169.1_RagTag	26202	U	1
CM044169.1_RagTag	26202	W	1
CM044169.1_RagTag	26376	U	1
CM044169.1_RagTag	26377	W	1
CM044169.1_RagTag	26656	U	1
CM044169.1_RagTag	26657	W	1
CM044169.1_RagTag	27485	U	1
CM044169.1_RagTag	27485	W	1
CM044169.1_RagTag	27770	U	1
CM044169.1_RagTag	27771	W	1
CM044169.1_RagTag	28594	U	1
CM044169.1_RagTag	28594	W	1
CM044169.1_RagTag	28652	U	1
CM044169.1_RagTag	28652	W	1
CM044169.1_RagTag	29366	U	1
CM044169.1_RagTag	29366	W	1
CM044169.1_RagTag	29386	N	1
CM044169.1_RagTag	29459	W	1
CM044169.1_RagTag	29520	U	1
CM044169.1_RagTag	29520	W	1
CM044169.1_RagTag	30782	U	1
CM044169.1_RagTag	30782	W	1
CM044169.1_RagTag	31008	U	1
CM044169.1_RagTag	31008	W	1
CM044169.1_RagTag	33527	U	1
CM044169.1_RagTag	33527	W	1
CM044169.1_RagTag	34465	U	1
CM044169.1_RagTag	34465	W	1
CM044169.1_RagTag	35045	U	1
CM044169.1_RagTag	35045	W	1
CM044169.1_RagTag	35152	U	1
CM044169.1_RagTag	35152	W	1
CM044169.1_RagTag	36012	U	1
CM044169.1_RagTag	36012	W	1
CM044169.1_RagTag	36057	U	1
CM044169.1_RagTag	36057	W	1
CM044169.1_RagTag	36117	U	1
CM044169.1_RagTag	36117	W	1
CM044169.1_RagTag	39087	U	1
CM044169.1_RagTag	39087	W	1
CM044169.1_RagTag	42980	N	1
CM044169.1_RagTag	42981	W	1
CM044169.1_RagTag	43430	N	1
CM044169.1_RagTag	43475	W	1
CM044169.1_RagTag	43505	U	1
CM044169.1_RagTag	43505	W	1
CM044169.1_RagTag	43565	U	1
CM044169.1_RagTag	43565	W	1
CM044169.1_RagTag	43606	N	1
CM044169.1_RagTag	43626	W	1
CM044169.1_RagTag	43751	U	1
CM044169.1_RagTag	43751	W	1
CM044169.1_RagTag	44313	U	1
CM044169.1_RagTag	44313	W	1
CM044170.1_RagTag	0	W	1
CM044170.1_RagTag	10516	U	1
CM044170.1_RagTag	10516	W	1
CM044170.1_RagTag	10634	U	1
CM044170.1_RagTag	10634	W	1
CM044170.1_RagTag	11394	U	1
CM044170.1_RagTag	11395	W	1
CM044170.1_RagTag	11895	U	1
CM044170.1_RagTag	11896	W	1
CM044170.1_RagTag	12484	U	1
CM044170.1_RagTag	12484	W	1
CM044170.1_RagTag	13420	U	1
CM044170.1_RagTag	13420	W	1
CM044170.1_RagTag	13523	U	1
CM044170.1_RagTag	13523	W	1
CM044170.1_RagTag	14194	U	1
CM044170.1_RagTag	14194	W	1
CM044170.1_RagTag	17757	U	1
CM044170.1_RagTag	17757	W	1
CM044170.1_RagTag	18871	U	1
CM044170.1_RagTag	18871	W	1
CM044170.1_RagTag	19029	N	1
CM044170.1_RagTag	19083	W	1
CM044170.1_RagTag	19238	U	1
CM044170.1_RagTag	19238	W	1
CM044170.1_RagTag	19288	N	1
CM044170.1_RagTag	19348	W	1
CM044170.1_RagTag	19457	N	1
CM044170.1_RagTag	19459	W	1
CM044170.1_RagTag	19557	U	1
CM044170.1_RagTag	19557	W	1
CM044170.1_RagTag	19793	U	1
CM044170.1_RagTag	19793	W	1
CM044170.1_RagTag	19947	U	1
CM044170.1_RagTag	19947	W	1
CM044170.1_RagTag	21108	U	1
CM044170.1_RagTag	21108	W	1
CM044170.1_RagTag	21224	U	1
CM044170.1_RagTag	21225	W	1
CM044170.1_RagTag	21602	U	1
CM044170.1_RagTag	21602	W	1
CM044170.1_RagTag	21766	U	1
CM044170.1_RagTag	21766	W	1
CM044170.1_RagTag	21807	U	1
CM044170.1_RagTag	21807	W	1
CM044170.1_RagTag	21918	N	1
CM044170.1_RagTag	21923	W	1
CM044170.1_RagTag	21998	U	1
CM044170.1_RagTag	21998	W	1
CM044170.1_RagTag	23924	U	1
CM044170.1_RagTag	23924	W	1
CM044170.1_RagTag	23999	U	1
CM044170.1_RagTag	23999	W	1
CM044170.1_RagTag	24075	U	1
CM044170.1_RagTag	24075	W	1
CM044170.1_RagTag	24235	U	1
CM044170.1_RagTag	24235	W	1
CM044170.1_RagTag	24313	U	1
CM044170.1_RagTag	24314	W	1
CM044170.1_RagTag	24571	U	1
CM044170.1_RagTag	24571	W	1
CM044170.1_RagTag	24647	U	1
CM044170.1_RagTag	24647	W	1
CM044170.1_RagTag	25806	U	1
CM044170.1_RagTag	25806	W	1
CM044170.1_RagTag	25854	U	1
CM044170.1_RagTag	25854	W	1
CM044170.1_RagTag	26014	U	1
CM044170.1_RagTag	26014	W	1
CM044170.1_RagTag	26142	U	1
CM044170.1_RagTag	26142	W	1
CM044170.1_RagTag	26925	U	1
CM044170.1_RagTag	26925	W	1
CM044170.1_RagTag	27027	U	1
CM044170.1_RagTag	27027	W	1
CM044170.1_RagTag	27380	U	1
CM044170.1_RagTag	27380	W	1
CM044170.1_RagTag	27412	U	1
CM044170.1_RagTag	27413	W	1
CM044170.1_RagTag	28748	U	1
CM044170.1_RagTag	28748	W	1
CM044170.1_RagTag	28916	U	1
CM044170.1_RagTag	28916	W	1
CM044170.1_RagTag	29059	U	1
CM044170.1_RagTag	29059	W	1
CM044170.1_RagTag	29129	U	1
CM044170.1_RagTag	29129	W	1
CM044170.1_RagTag	29240	U	1
CM044170.1_RagTag	29241	W	1
CM044170.1_RagTag	29402	N	1
CM044170.1_RagTag	29423	W	1
CM044170.1_RagTag	29658	U	1
CM044170.1_RagTag	29658	W	1
CM044170.1_RagTag	30827	U	1
CM044170.1_RagTag	30827	W	1
CM044170.1_RagTag	30853	U	1
CM044170.1_RagTag	30853	W	1
CM044170.1_RagTag	31213	U	1
CM044170.1_RagTag	31213	W	1
CM044170.1_RagTag	32696	U	1
CM044170.1_RagTag	32696	W	1
CM044170.1_RagTag	32839	U	1
CM044170.1_RagTag	32839	W	1
CM044170.1_RagTag	32926	U	1
CM044170.1_RagTag	32926	W	1
CM044170.1_RagTag	33580	U	1
CM044170.1_RagTag	33580	W	1
CM044170.1_RagTag	36271	U	1
CM044170.1_RagTag	36271	W	1
CM044170.1_RagTag	37160	U	1
CM044170.1_RagTag	37160	W	1
CM044170.1_RagTag	37622	U	1
CM044170.1_RagTag	37622	W	1
CM044170.1_RagTag	37696	U	1
CM044170.1_RagTag	37696	W	1
CM044170.1_RagTag	42773	U	1
CM044170.1_RagTag	42773	W	1
CM044171.1_RagTag	0	W	1
CM044171.1_RagTag	3834	U	1
CM044171.1_RagTag	3834	W	1
CM044171.1_RagTag	9348	U	1
CM044171.1_RagTag	9348	W	1
CM044171.1_RagTag	9557	U	1
CM044171.1_RagTag	9557	W	1
CM044171.1_RagTag	10243	U	1
CM044171.1_RagTag	10243	W	1
CM044171.1_RagTag	11453	U	1
CM044171.1_RagTag	11454	W	1
CM044171.1_RagTag	11969	U	1
CM044171.1_RagTag	11969	W	1
CM044171.1_RagTag	13325	U	1
CM044171.1_RagTag	13325	W	1
CM044171.1_RagTag	14536	U	1
CM044171.1_RagTag	14536	W	1
CM044171.1_RagTag	14601	U	1
CM044171.1_RagTag	14601	W	1
CM044171.1_RagTag	14627	U	1
CM044171.1_RagTag	14627	W	1
CM044171.1_RagTag	14674	U	1
CM044171.1_RagTag	14674	W	1
CM044171.1_RagTag	15137	U	1
CM044171.1_RagTag	15137	W	1
CM044171.1_RagTag	16399	U	1
CM044171.1_RagTag	16399	W	1
CM044171.1_RagTag	17054	U	1
CM044171.1_RagTag	17054	W	1
CM044171.1_RagTag	17467	U	1
CM044171.1_RagTag	17468	W	1
CM044171.1_RagTag	17533	U	1
CM044171.1_RagTag	17533	W	1
CM044171.1_RagTag	18794	U	1
CM044171.1_RagTag	18794	W	1
CM044171.1_RagTag	18873	N	1
CM044171.1_RagTag	18896	W	1
CM044171.1_RagTag	19098	U	1
CM044171.1_RagTag	19098	W	1
CM044171.1_RagTag	19164	U	1
CM044171.1_RagTag	19164	W	1
CM044171.1_RagTag	19397	U	1
CM044171.1_RagTag	19397	W	1
CM044171.1_RagTag	19520	U	1
CM044171.1_RagTag	19520	W	1
CM044171.1_RagTag	19648	U	1
CM044171.1_RagTag	19648	W	1
CM044171.1_RagTag	19984	U	1
CM044171.1_RagTag	19985	W	1
CM044171.1_RagTag	20068	U	1
CM044171.1_RagTag	20068	W	1
CM044171.1_RagTag	20499	U	1
CM044171.1_RagTag	20499	W	1
CM044171.1_RagTag	21232	U	1
CM044171.1_RagTag	21232	W	1
CM044171.1_RagTag	21425	U	1
CM044171.1_RagTag	21425	W	1
CM044171.1_RagTag	21548	N	1
CM044171.1_RagTag	21563	W	1
CM044171.1_RagTag	21715	U	1
CM044171.1_RagTag	21715	W	1
CM044171.1_RagTag	23581	U	1
CM044171.1_RagTag	23581	W	1
CM044171.1_RagTag	24297	U	1
CM044171.1_RagTag	24297	W	1
CM044171.1_RagTag	24491	U	1
CM044171.1_RagTag	24492	W	1
CM044171.1_RagTag	25228	U	1
CM044171.1_RagTag	25228	W	1
CM044171.1_RagTag	25522	U	1
CM044171.1_RagTag	25522	W	1
CM044171.1_RagTag	25589	U	1
CM044171.1_RagTag	25589	W	1
CM044171.1_RagTag	27104	U	1
CM044171.1_RagTag	27104	W	1
CM044171.1_RagTag	29228	U	1
CM044171.1_RagTag	29228	W	1
CM044171.1_RagTag	32493	U	1
CM044171.1_RagTag	32493	W	1
CM044171.1_RagTag	34369	U	1
CM044171.1_RagTag	34369	W	1
CM044171.1_RagTag	35876	U	1
CM044171.1_RagTag	35876	W	1
CM044171.1_RagTag	36969	U	1
CM044171.1_RagTag	36969	W	1
CM044171.1_RagTag	37013	U	1
CM044171.1_RagTag	37013	W	1
CM044171.1_RagTag	38018	U	1
CM044171.1_RagTag	38018	W	1
CM044171.1_RagTag	38961	N	1
CM044171.1_RagTag	38973	W	1
CM044171.1_RagTag	39445	U	1
CM044171.1_RagTag	39445	W	1
CM044171.1_RagTag	39635	U	1
CM044171.1_RagTag	39635	W	1
CM044171.1_RagTag	39847	U	1
CM044171.1_RagTag	39848	W	1
CM044171.1_RagTag	40906	U	1
CM044171.1_RagTag	40906	W	1
CM044171.1_RagTag	41174	U	1
CM044171.1_RagTag	41174	W	1
CM044171.1_RagTag	41228	N	1
CM044171.1_RagTag	41254	W	1
CM044171.1_RagTag	41492	U	1
CM044171.1_RagTag	41492	W	1
CM044171.1_RagTag	41567	U	1
CM044171.1_RagTag	41567	W	1
CM044171.1_RagTag	51296	U	1
CM044171.1_RagTag	51296	W	1
CM044171.1_RagTag	51412	N	1
CM044171.1_RagTag	51420	W	1
CM044171.1_RagTag	51482	U	1
CM044171.1_RagTag	51482	W	1
CM044172.1_RagTag	0	W	1
CM044172.1_RagTag	2124	U	1
CM044172.1_RagTag	2124	W	1
CM044172.1_RagTag	4846	U	1
CM044172.1_RagTag	4846	W	1
CM044172.1_RagTag	5144	U	1
CM044172.1_RagTag	5144	W	1
CM044172.1_RagTag	5484	U	1
CM044172.1_RagTag	5484	W	1
CM044172.1_RagTag	7606	U	1
CM044172.1_RagTag	7606	W	1
CM044172.1_RagTag	7663	U	1
CM044172.1_RagTag	7663	W	1
CM044172.1_RagTag	11182	U	1
CM044172.1_RagTag	11182	W	1
CM044172.1_RagTag	11937	U	1
CM044172.1_RagTag	11937	W	1
CM044172.1_RagTag	12924	U	1
CM044172.1_RagTag	12924	W	1
CM044172.1_RagTag	14176	U	1
CM044172.1_RagTag	14176	W	1
CM044172.1_RagTag	15984	U	1
CM044172.1_RagTag	15984	W	1
CM044172.1_RagTag	16399	U	1
CM044172.1_RagTag	16399	W	1
CM044172.1_RagTag	17267	U	1
CM044172.1_RagTag	17267	W	1
CM044172.1_RagTag	17347	U	1
CM044172.1_RagTag	17347	W	1
CM044172.1_RagTag	18240	U	1
CM044172.1_RagTag	18240	W	1
CM044172.1_RagTag	22056	U	1
CM044172.1_RagTag	22056	W	1
CM044172.1_RagTag	22116	U	1
CM044172.1_RagTag	22116	W	1
CM044172.1_RagTag	22530	U	1
CM044172.1_RagTag	22530	W	1
CM044172.1_RagTag	22570	U	1
CM044172.1_RagTag	22571	W	1
CM044172.1_RagTag	22673	U	1
CM044172.1_RagTag	22673	W	1
CM044172.1_RagTag	22753	U	1
CM044172.1_RagTag	22753	W	1
CM044172.1_RagTag	23853	U	1
CM044172.1_RagTag	23854	W	1
CM044172.1_RagTag	24578	N	1
CM044172.1_RagTag	24620	W	1
CM044172.1_RagTag	24703	U	1
CM044172.1_RagTag	24703	W	1
CM044172.1_RagTag	25376	U	1
CM044172.1_RagTag	25376	W	1
CM044172.1_RagTag	26015	U	1
CM044172.1_RagTag	26015	W	1
CM044172.1_RagTag	26208	U	1
CM044172.1_RagTag	26208	W	1
CM044172.1_RagTag	27153	U	1
CM044172.1_RagTag	27153	W	1
CM044172.1_RagTag	27181	U	1
CM044172.1_RagTag	27181	W	1
CM044172.1_RagTag	27348	U	1
CM044172.1_RagTag	27348	W	1
CM044172.1_RagTag	27865	U	1
CM044172.1_RagTag	27865	W	1
CM044172.1_RagTag	31549	U	1
CM044172.1_RagTag	31549	W	1
CM044172.1_RagTag	33281	N	1
CM044172.1_RagTag	33282	W	1
CM044172.1_RagTag	33419	U	1
CM044172.1_RagTag	33419	W	1
CM044172.1_RagTag	34174	N	1
CM044172.1_RagTag	34200	W	1
CM044173.1_RagTag	0	W	1
CM044173.1_RagTag	2477	U	1
CM044173.1_RagTag	2477	W	1
CM044173.1_RagTag	5007	U	1
CM044173.1_RagTag	5007	W	1
CM044173.1_RagTag	6571	U	1
CM044173.1_RagTag	6571	W	1
CM044173.1_RagTag	9030	U	1
CM044173.1_RagTag	9030	W	1
CM044173.1_RagTag	9285	U	1
CM044173.1_RagTag	9285	W	1
CM044173.1_RagTag	10174	U	1
CM044173.1_RagTag	10174	W	1
CM044173.1_RagTag	12885	N	1
CM044173.1_RagTag	12910	W	1
CM044173.1_RagTag	13052	U	1
CM044173.1_RagTag	13052	W	1
CM044173.1_RagTag	13539	U	1
CM044173.1_RagTag	13539	W	1
CM044173.1_RagTag	14878	U	1
CM044173.1_RagTag	14878	W	1
CM044173.1_RagTag	17963	U	1
CM044173.1_RagTag	17963	W	1
CM044173.1_RagTag	18077	N	1
CM044173.1_RagTag	18086	W	1
CM044173.1_RagTag	18687	U	1
CM044173.1_RagTag	18687	W	1
CM044173.1_RagTag	18790	U	1
CM044173.1_RagTag	18790	W	1
CM044173.1_RagTag	20310	U	1
CM044173.1_RagTag	20311	W	1
CM044173.1_RagTag	20485	U	1
CM044173.1_RagTag	20485	W	1
CM044173.1_RagTag	22281	U	1
CM044173.1_RagTag	22281	W	1
CM044173.1_RagTag	22801	U	1
CM044173.1_RagTag	22801	W	1
CM044173.1_RagTag	25364	U	1
CM044173.1_RagTag	25364	W	1
CM044173.1_RagTag	25564	U	1
CM044173.1_RagTag	25564	W	1
CM044173.1_RagTag	25655	U	1
CM044173.1_RagTag	25655	W	1
CM044173.1_RagTag	25872	U	1
CM044173.1_RagTag	25872	W	1
CM044173.1_RagTag	25988	U	1
CM044173.1_RagTag	25989	W	1
CM044173.1_RagTag	26371	U	1
CM044173.1_RagTag	26371	W	1
CM044173.1_RagTag	26561	U	1
CM044173.1_RagTag	26562	W	1
CM044173.1_RagTag	28131	U	1
CM044173.1_RagTag	28131	W	1
CM044173.1_RagTag	28234	U	1
CM044173.1_RagTag	28234	W	1
CM044173.1_RagTag	28324	U	1
CM044173.1_RagTag	28324	W	1
CM044173.1_RagTag	30146	U	1
CM044173.1_RagTag	30146	W	1
CM044173.1_RagTag	30501	U	1
CM044173.1_RagTag	30501	W	1
CM044173.1_RagTag	30722	U	1
CM044173.1_RagTag	30722	W	1
CM044173.1_RagTag	30843	U	1
CM044173.1_RagTag	30844	W	1
CM044173.1_RagTag	30925	N	1
CM044173.1_RagTag	31015	W	1
CM044173.1_RagTag	31233	U	1
CM044173.1_RagTag	31233	W	1
CM044173.1_RagTag	31384	U	1
CM044173.1_RagTag	31384	W	1
CM044173.1_RagTag	31418	N	1
CM044173.1_RagTag	31471	W	1
CM044173.1_RagTag	31522	N	1
CM044173.1_RagTag	31548	W	1
CM044173.1_RagTag	31582	U	1
CM044173.1_RagTag	31582	W	1
CM044173.1_RagTag	32779	U	1
CM044173.1_RagTag	32779	W	1
CM044173.1_RagTag	33014	U	1
CM044173.1_RagTag	33014	W	1
CM044173.1_RagTag	34083	U	1
CM044173.1_RagTag	34083	W	1
CM044173.1_RagTag	34211	U	1
CM044173.1_RagTag	34211	W	1
CM044173.1_RagTag	35143	U	1
CM044173.1_RagTag	35143	W	1
CM044173.1_RagTag	35246	U	1
CM044173.1_RagTag	35246	W	1
CM044173.1_RagTag	35895	U	1
CM044173.1_RagTag	35895	W	1
CM044173.1_RagTag	36106	U	1
CM044173.1_RagTag	36106	W	1
CM044173.1_RagTag	39139	U	1
CM044173.1_RagTag	39139	W	1
CM044173.1_RagTag	39210	N	1
CM044173.1_RagTag	39286	W	1
CM044173.1_RagTag	40313	U	1
CM044173.1_RagTag	40313	W	1
CM044173.1_RagTag	40728	U	1
CM044173.1_RagTag	40728	W	1
CM044173.1_RagTag	43276	U	1
CM044173.1_RagTag	43276	W	1
CM044173.1_RagTag	43997	U	1
CM044173.1_RagTag	43997	W	1
CM044173.1_RagTag	47112	U	1
CM044173.1_RagTag	47112	W	1
CM044173.1_RagTag	48169	U	1
CM044173.1_RagTag	48170	W	1
CM044173.1_RagTag	48720	U	1
CM044173.1_RagTag	48720	W	1
CM044174.1_RagTag	0	W	1
CM044174.1_RagTag	3817	U	1
CM044174.1_RagTag	3817	W	1
CM044174.1_RagTag	3844	U	1
CM044174.1_RagTag	3844	W	1
CM044174.1_RagTag	3917	U	1
CM044174.1_RagTag	3917	W	1
CM044174.1_RagTag	5139	U	1
CM044174.1_RagTag	5139	W	1
CM044174.1_RagTag	5253	U	1
CM044174.1_RagTag	5253	W	1
CM044174.1_RagTag	5605	U	1
CM044174.1_RagTag	5605	W	1
CM044174.1_RagTag	6840	U	1
CM044174.1_RagTag	6840	W	1
CM044174.1_RagTag	6973	U	1
CM044174.1_RagTag	6973	W	1
CM044174.1_RagTag	7453	U	1
CM044174.1_RagTag	7453	W	1
CM044174.1_RagTag	7500	U	1
CM044174.1_RagTag	7500	W	1
CM044174.1_RagTag	7528	U	1
CM044174.1_RagTag	7528	W	1
CM044174.1_RagTag	7820	U	1
CM044174.1_RagTag	7820	W	1
CM044174.1_RagTag	7861	U	1
CM044174.1_RagTag	7861	W	1
CM044174.1_RagTag	8120	U	1
CM044174.1_RagTag	8121	W	1
CM044174.1_RagTag	8867	U	1
CM044174.1_RagTag	8867	W	1
CM044174.1_RagTag	9052	U	1
CM044174.1_RagTag	9053	W	1
CM044174.1_RagTag	10161	U	1
CM044174.1_RagTag	10161	W	1
CM044174.1_RagTag	11050	U	1
CM044174.1_RagTag	11051	W	1
CM044174.1_RagTag	11353	N	1
CM044174.1_RagTag	11353	W	1
CM044174.1_RagTag	11807	U	1
CM044174.1_RagTag	11807	W	1
CM044174.1_RagTag	12004	U	1
CM044174.1_RagTag	12004	W	1
CM044174.1_RagTag	12393	N	1
CM044174.1_RagTag	12468	W	1
CM044174.1_RagTag	12588	N	1
CM044174.1_RagTag	12589	W	1
CM044174.1_RagTag	12911	U	1
CM044174.1_RagTag	12911	W	1
CM044174.1_RagTag	12950	N	1
CM044174.1_RagTag	12977	W	1
CM044174.1_RagTag	13021	N	1
CM044174.1_RagTag	13023	W	1
CM044174.1_RagTag	13199	U	1
CM044174.1_RagTag	13199	W	1
CM044174.1_RagTag	13230	U	1
CM044174.1_RagTag	13230	W	1
CM044174.1_RagTag	13307	U	1
CM044174.1_RagTag	13307	W	1
CM044174.1_RagTag	13587	U	1
CM044174.1_RagTag	13587	W	1
CM044174.1_RagTag	14533	U	1
CM044174.1_RagTag	14533	W	1
CM044174.1_RagTag	15179	U	1
CM044174.1_RagTag	15179	W	1
CM044174.1_RagTag	15322	U	1
CM044174.1_RagTag	15322	W	1
CM044174.1_RagTag	15393	U	1
CM044174.1_RagTag	15393	W	1
CM044174.1_RagTag	15443	U	1
CM044174.1_RagTag	15443	W	1
CM044174.1_RagTag	17318	U	1
CM044174.1_RagTag	17318	W	1
CM044174.1_RagTag	17465	U	1
CM044174.1_RagTag	17465	W	1
CM044174.1_RagTag	17765	U	1
CM044174.1_RagTag	17765	W	1
CM044174.1_RagTag	18963	U	1
CM044174.1_RagTag	18963	W	1
CM044174.1_RagTag	19580	U	1
CM044174.1_RagTag	19580	W	1
CM044174.1_RagTag	19979	U	1
CM044174.1_RagTag	19979	W	1
CM044174.1_RagTag	20279	U	1
CM044174.1_RagTag	20279	W	1
CM044174.1_RagTag	20992	N	1
CM044174.1_RagTag	21030	W	1
CM044174.1_RagTag	21100	U	1
CM044174.1_RagTag	21101	W	1
CM044174.1_RagTag	22459	U	1
CM044174.1_RagTag	22459	W	1
CM044174.1_RagTag	23241	N	1
CM044174.1_RagTag	23299	W	1
CM044174.1_RagTag	23346	U	1
CM044174.1_RagTag	23346	W	1
CM044174.1_RagTag	23870	U	1
CM044174.1_RagTag	23870	W	1
CM044174.1_RagTag	23932	U	1
CM044174.1_RagTag	23932	W	1
CM044174.1_RagTag	24842	U	1
CM044174.1_RagTag	24842	W	1
CM044174.1_RagTag	24975	U	1
CM044174.1_RagTag	24975	W	1
CM044174.1_RagTag	25692	U	1
CM044174.1_RagTag	25692	W	1
CM044174.1_RagTag	26130	U	1
CM044174.1_RagTag	26130	W	1
CM044174.1_RagTag	26444	U	1
CM044174.1_RagTag	26444	W	1
CM044174.1_RagTag	27096	U	1
CM044174.1_RagTag	27096	W	1
CM044175.1_RagTag	0	W	1
CM044175.1_RagTag	165	U	1
CM044175.1_RagTag	165	W	1
CM044175.1_RagTag	1758	U	1
CM044175.1_RagTag	1758	W	1
CM044175.1_RagTag	2466	N	1
CM044175.1_RagTag	2468	W	1
CM044175.1_RagTag	3234	U	1
CM044175.1_RagTag	3234	W	1
CM044175.1_RagTag	6706	U	1
CM044175.1_RagTag	6707	W	1
CM044175.1_RagTag	8535	U	1
CM044175.1_RagTag	8535	W	1
CM044175.1_RagTag	8994	U	1
CM044175.1_RagTag	8994	W	1
CM044175.1_RagTag	9342	U	1
CM044175.1_RagTag	9342	W	1
CM044175.1_RagTag	10763	U	1
CM044175.1_RagTag	10763	W	1
CM044175.1_RagTag	10852	U	1
CM044175.1_RagTag	10852	W	1
CM044175.1_RagTag	11791	U	1
CM044175.1_RagTag	11791	W	1
CM044175.1_RagTag	12582	U	1
CM044175.1_RagTag	12582	W	1
CM044175.1_RagTag	12631	U	1
CM044175.1_RagTag	12631	W	1
CM044175.1_RagTag	15225	U	1
CM044175.1_RagTag	15225	W	1
CM044175.1_RagTag	15468	U	1
CM044175.1_RagTag	15468	W	1
CM044175.1_RagTag	16512	U	1
CM044175.1_RagTag	16512	W	1
CM044175.1_RagTag	18213	U	1
CM044175.1_RagTag	18213	W	1
CM044175.1_RagTag	19002	N	1
CM044175.1_RagTag	19057	W	1
CM044175.1_RagTag	19117	U	1
CM044175.1_RagTag	19117	W	1
CM044175.1_RagTag	19244	U	1
CM044175.1_RagTag	19244	W	1
CM044175.1_RagTag	20064	U	1
CM044175.1_RagTag	20064	W	1
CM044175.1_RagTag	20321	U	1
CM044175.1_RagTag	20321	W	1
CM044175.1_RagTag	20486	U	1
CM044175.1_RagTag	20486	W	1
CM044175.1_RagTag	20595	N	1
CM044175.1_RagTag	20622	W	1
CM044175.1_RagTag	20892	U	1
CM044175.1_RagTag	20892	W	1
CM044175.1_RagTag	21438	U	1
CM044175.1_RagTag	21438	W	1
CM044175.1_RagTag	21535	U	1
CM044175.1_RagTag	21535	W	1
CM044175.1_RagTag	21703	U	1
CM044175.1_RagTag	21703	W	1
CM044175.1_RagTag	22144	U	1
CM044175.1_RagTag	22144	W	1
CM044175.1_RagTag	22600	U	1
CM044175.1_RagTag	22600	W	1
CM044175.1_RagTag	24702	U	1
CM044175.1_RagTag	24703	W	1
CM044175.1_RagTag	24743	U	1
CM044175.1_RagTag	24743	W	1
CM044175.1_RagTag	28196	U	1
CM044175.1_RagTag	28196	W	1
CM044175.1_RagTag	28327	U	1
CM044175.1_RagTag	28327	W	1
CM044175.1_RagTag	29531	U	1
CM044175.1_RagTag	29531	W	1
CM044175.1_RagTag	29684	U	1
CM044175.1_RagTag	29684	W	1
CM044175.1_RagTag	29713	U	1
CM044175.1_RagTag	29713	W	1
CM044175.1_RagTag	29781	U	1
CM044175.1_RagTag	29781	W	1
CM044175.1_RagTag	29825	N	1
CM044175.1_RagTag	29837	W	1
CM044175.1_RagTag	29893	U	1
CM044175.1_RagTag	29894	W	1
CM044175.1_RagTag	30377	U	1
CM044175.1_RagTag	30377	W	1
CM044175.1_RagTag	30425	U	1
CM044175.1_RagTag	30425	W	1
CM044175.1_RagTag	30783	U	1
CM044175.1_RagTag	30783	W	1
CM044175.1_RagTag	33652	U	1
CM044175.1_RagTag	33652	W	1
CM044175.1_RagTag	33847	U	1
CM044175.1_RagTag	33847	W	1
CM044175.1_RagTag	34618	U	1
CM044175.1_RagTag	34618	W	1
CM044175.1_RagTag	37907	U	1
CM044175.1_RagTag	37907	W	1
CM044175.1_RagTag	38442	U	1
CM044175.1_RagTag	38442	W	1
CM044175.1_RagTag	38969	U	1
CM044175.1_RagTag	38969	W	1
CM044175.1_RagTag	39037	U	1
CM044175.1_RagTag	39037	W	1
CM044175.1_RagTag	50203	U	1
CM044175.1_RagTag	50203	W	1
CM044175.1_RagTag	50654	U	1
CM044175.1_RagTag	50654	W	1
CM044175.1_RagTag	51014	U	1
CM044175.1_RagTag	51015	W	1
CM044175.1_RagTag	51503	U	1
CM044175.1_RagTag	51504	W	1
CM044175.1_RagTag	51665	U	1
CM044175.1_RagTag	51665	W	1
CM044175.1_RagTag	51770	U	1
CM044175.1_RagTag	51771	W	1
CM044175.1_RagTag	52656	U	1
CM044175.1_RagTag	52656	W	1
CM044175.1_RagTag	52852	U	1
CM044175.1_RagTag	52852	W	1
CM044175.1_RagTag	52930	U	1
CM044175.1_RagTag	52930	W	1
CM044175.1_RagTag	53117	N	1
CM044175.1_RagTag	53182	W	1
CM044175.1_RagTag	53251	U	1
CM044175.1_RagTag	53251	W	1
CM044175.1_RagTag	54435	U	1
CM044175.1_RagTag	54435	W	1
CM044175.1_RagTag	56017	U	1
CM044175.1_RagTag	56017	W	1
CM044175.1_RagTag	56197	N	1
CM044175.1_RagTag	56275	W	1
CM044175.1_RagTag	57912	U	1
CM044175.1_RagTag	57912	W	1
CM044175.1_RagTag	59123	U	1
CM044175.1_RagTag	59123	W	1
CM044175.1_RagTag	61941	U	1
CM044175.1_RagTag	61941	W	1
CM044176.1_RagTag	0	W	1
CM044176.1_RagTag	1510	U	1
CM044176.1_RagTag	1510	W	1
CM044176.1_RagTag	9669	U	1
CM044176.1_RagTag	9669	W	1
CM044176.1_RagTag	9816	U	1
CM044176.1_RagTag	9816	W	1
CM044176.1_RagTag	9884	U	1
CM044176.1_RagTag	9884	W	1
CM044176.1_RagTag	10011	U	1
CM044176.1_RagTag	10011	W	1
CM044176.1_RagTag	12424	U	1
CM044176.1_RagTag	12424	W	1
CM044176.1_RagTag	16654	U	1
CM044176.1_RagTag	16654	W	1
CM044176.1_RagTag	17105	U	1
CM044176.1_RagTag	17105	W	1
CM044176.1_RagTag	17544	U	1
CM044176.1_RagTag	17544	W	1
CM044176.1_RagTag	17906	U	1
CM044176.1_RagTag	17906	W	1
CM044176.1_RagTag	18027	U	1
CM044176.1_RagTag	18027	W	1
CM044176.1_RagTag	18795	U	1
CM044176.1_RagTag	18795	W	1
CM044176.1_RagTag	18943	U	1
CM044176.1_RagTag	18944	W	1
CM044176.1_RagTag	18999	U	1
CM044176.1_RagTag	18999	W	1
CM044176.1_RagTag	22140	U	1
CM044176.1_RagTag	22141	W	1
CM044176.1_RagTag	22220	U	1
CM044176.1_RagTag	22221	W	1
CM044176.1_RagTag	22371	U	1
CM044176.1_RagTag	22371	W	1
CM044176.1_RagTag	22572	U	1
CM044176.1_RagTag	22572	W	1
CM044176.1_RagTag	22603	U	1
CM044176.1_RagTag	22603	W	1
CM044176.1_RagTag	22634	U	1
CM044176.1_RagTag	22634	W	1
CM044176.1_RagTag	22668	U	1
CM044176.1_RagTag	22668	W	1
CM044176.1_RagTag	22741	U	1
CM044176.1_RagTag	22741	W	1
CM044176.1_RagTag	22958	U	1
CM044176.1_RagTag	22958	W	1
CM044176.1_RagTag	23086	U	1
CM044176.1_RagTag	23086	W	1
CM044176.1_RagTag	23169	U	1
CM044176.1_RagTag	23169	W	1
CM044176.1_RagTag	23266	U	1
CM044176.1_RagTag	23266	W	1
CM044176.1_RagTag	23364	U	1
CM044176.1_RagTag	23364	W	1
CM044176.1_RagTag	23970	U	1
CM044176.1_RagTag	23970	W	1
CM044176.1_RagTag	24024	U	1
CM044176.1_RagTag	24024	W	1
CM044176.1_RagTag	24686	U	1
CM044176.1_RagTag	24686	W	1
CM044176.1_RagTag	26101	U	1
CM044176.1_RagTag	26101	W	1
CM044176.1_RagTag	26145	U	1
CM044176.1_RagTag	26146	W	1
CM044176.1_RagTag	26341	U	1
CM044176.1_RagTag	26341	W	1
CM044176.1_RagTag	26428	U	1
CM044176.1_RagTag	26428	W	1
CM044176.1_RagTag	26575	U	1
CM044176.1_RagTag	26575	W	1
CM044176.1_RagTag	26734	U	1
CM044176.1_RagTag	26734	W	1
CM044176.1_RagTag	26846	U	1
CM044176.1_RagTag	26846	W	1
CM044176.1_RagTag	26969	U	1
CM044176.1_RagTag	26969	W	1
CM044176.1_RagTag	27041	U	1
CM044176.1_RagTag	27041	W	1
CM044176.1_RagTag	27179	U	1
CM044176.1_RagTag	27179	W	1
CM044176.1_RagTag	27206	U	1
CM044176.1_RagTag	27206	W	1
CM044176.1_RagTag	27951	U	1
CM044176.1_RagTag	27951	W	1
CM044176.1_RagTag	28034	U	1
CM044176.1_RagTag	28034	W	1
CM044176.1_RagTag	28080	U	1
CM044176.1_RagTag	28080	W	1
CM044176.1_RagTag	28174	U	1
CM044176.1_RagTag	28174	W	1
CM044176.1_RagTag	28383	U	1
CM044176.1_RagTag	28383	W	1
CM044176.1_RagTag	28968	U	1
CM044176.1_RagTag	28968	W	1
CM044176.1_RagTag	29108	U	1
CM044176.1_RagTag	29108	W	1
CM044176.1_RagTag	29265	U	1
CM044176.1_RagTag	29265	W	1
CM044176.1_RagTag	29332	U	1
CM044176.1_RagTag	29332	W	1
CM044176.1_RagTag	29446	U	1
CM044176.1_RagTag	29446	W	1
CM044176.1_RagTag	31002	U	1
CM044176.1_RagTag	31002	W	1
CM044176.1_RagTag	31695	U	1
CM044176.1_RagTag	31695	W	1
CM044176.1_RagTag	31829	U	1
CM044176.1_RagTag	31830	W	1
CM044176.1_RagTag	32094	U	1
CM044176.1_RagTag	32094	W	1
CM044176.1_RagTag	32426	U	1
CM044176.1_RagTag	32426	W	1
CM044176.1_RagTag	32577	U	1
CM044176.1_RagTag	32577	W	1
CM044176.1_RagTag	34859	U	1
CM044176.1_RagTag	34859	W	1
CM044176.1_RagTag	34940	U	1
CM044176.1_RagTag	34940	W	1
CM044176.1_RagTag	35263	U	1
CM044176.1_RagTag	35263	W	1
CM044176.1_RagTag	35911	U	1
CM044176.1_RagTag	35911	W	1
CM044176.1_RagTag	36353	U	1
CM044176.1_RagTag	36353	W	1
CM044176.1_RagTag	36603	U	1
CM044176.1_RagTag	36604	W	1
CM044176.1_RagTag	36780	U	1
CM044176.1_RagTag	36780	W	1
CM044176.1_RagTag	38435	U	1
CM044176.1_RagTag	38435	W	1
CM044176.1_RagTag	39307	U	1
CM044176.1_RagTag	39307	W	1
CM044176.1_RagTag	40971	U	1
CM044176.1_RagTag	40971	W	1
CM044176.1_RagTag	41563	N	1
CM044176.1_RagTag	41579	W	1
CM044176.1_RagTag	41889	U	1
CM044176.1_RagTag	41890	W	1
CM044176.1_RagTag	43555	U	1
CM044176.1_RagTag	43555	W	1
CM044176.1_RagTag	49395	U	1
CM044176.1_RagTag	49395	W	1
JANAFA010000015.1_RagTag	0	W	1
JANAFA010000017.1_RagTag	0	W	1
JANAFA010000019.1_RagTag	0	W	1
JANAFA010000035.1_RagTag	0	W	1
JANAFA010000038.1_RagTag	0	W	1
JANAFA010000038.1_RagTag	1724	U	1
JANAFA010000038.1_RagTag	1724	W	1
JANAFA010000038.1_RagTag	2747	U	1
JANAFA010000038.1_RagTag	2747	W	1
JANAFA010000040.1_RagTag	0	W	1
JANAFA010000049.1_RagTag	0	W	1
JANAFA010000051.1_RagTag	0	W	1
JANAFA010000054.1_RagTag	0	W	1
JANAFA010000058.1_RagTag	0	W	1
JANAFA010000058.1_RagTag	111	U	1
JANAFA010000058.1_RagTag	111	W	1
JANAFA010000062.1_RagTag	0	W	1
JANAFA010000070.1_RagTag	0	W	1
JANAFA010000080.1_RagTag	0	W	1
JANAFA010000083.1_RagTag	0	W	1
JANAFA010000087.1_RagTag	0	W	1
JANAFA010000087.1_RagTag	96	U	1
JANAFA010000087.1_RagTag	96	W	1
JANAFA010000089.1_RagTag	0	W	1
JANAFA010000089.1_RagTag	112	U	1
JANAFA010000089.1_RagTag	112	W	1
JANAFA010000093.1_RagTag	0	W	1
JANAFA010000094.1_RagTag	0	W	1
JANAFA010000099.1_RagTag	0	W	1
JANAFA010000099.1_RagTag	46	U	1
JANAFA010000099.1_RagTag	46	W	1
JANAFA010000102.1_RagTag	0	W	1
JANAFA010000114.1_RagTag	0	W	1
JANAFA010000114.1_RagTag	125	U	1
JANAFA010000114.1_RagTag	125	W	1
JANAFA010000123.1_RagTag	0	W	1
JANAFA010000124.1_RagTag	0	W	1
JANAFA010000124.1_RagTag	35	U	1
JANAFA010000124.1_RagTag	35	W	1
JANAFA010000129.1_RagTag	0	W	1
JANAFA010000133.1_RagTag	0	W	1
JANAFA010000136.1_RagTag	0	W	1
JANAFA010000170.1_RagTag	0	W	1
JANAFA010000177.1_RagTag	0	W	1
JANAFA010000184.1_RagTag	0	W	1
JANAFA010000191.1_RagTag	0	W	1
JANAFA010000191.1_RagTag	149	U	1
JANAFA010000191.1_RagTag	149	W	1
JANAFA010000201.1_RagTag	0	W	1
JANAFA010000210.1_RagTag	0	W	1
JANAFA010000210.1_RagTag	60	U	1
JANAFA010000210.1_RagTag	60	W	1
JANAFA010000211.1_RagTag	0	W	1
JANAFA010000211.1_RagTag	76	U	1
JANAFA010000211.1_RagTag	76	W	1
JANAFA010000216.1_RagTag	0	W	1
JANAFA010000222.1_RagTag	0	W	1
JANAFA010000222.1_RagTag	367	U	1
JANAFA010000222.1_RagTag	367	W	1
JANAFA010000222.1_RagTag	690	U	1
JANAFA010000222.1_RagTag	690	W	1
JANAFA010000224.1_RagTag	0	W	1
JANAFA010000224.1_RagTag	285	U	1
JANAFA010000224.1_RagTag	285	W	1
JANAFA010000249.1_RagTag	0	W	1
JANAFA010000279.1_RagTag	0	W	1
JANAFA010000279.1_RagTag	23	U	1
JANAFA010000279.1_RagTag	23	W	1
JANAFA010000279.1_RagTag	144	U	1
JANAFA010000279.1_RagTag	144	W	1
JANAFA010000279.1_RagTag	179	U	1
JANAFA010000279.1_RagTag	179	W	1
JANAFA010000279.1_RagTag	677	U	1
JANAFA010000279.1_RagTag	677	W	1
JANAFA010000295.1_RagTag	0	W	1
JANAFA010000303.1_RagTag	0	W	1
JANAFA010000303.1_RagTag	29	U	1
JANAFA010000303.1_RagTag	29	W	1
JANAFA010000327.1_RagTag	0	W	1
JANAFA010000339.1_RagTag	0	W	1
JANAFA010000346.1_RagTag	0	W	1
JANAFA010000346.1_RagTag	86	N	1
JANAFA010000346.1_RagTag	92	W	1
JANAFA010000348.1_RagTag	0	W	1
JANAFA010000357.1_RagTag	0	W	1
JANAFA010000449.1_RagTag	0	W	1
JANAFA010000458.1_RagTag	0	W	1
JANAFA010000474.1_RagTag	0	W	1
ptg000005l	0	W	1
ptg000007l	0	W	1
ptg000011l	0	W	1
ptg000014l	0	W	1
ptg000015l	0	W	1
ptg000026l	0	W	1
ptg000027l	0	W	1
ptg000028l	0	W	1
ptg000048l	0	W	1
ptg000054l	0	W	1
ptg000062l	0	W	1
ptg000064l	0	W	1
ptg000067l	0	W	1
ptg000072l	0	W	1
ptg000082l	0	W	1
ptg000083l	0	W	1
ptg000086l	0	W	1
ptg000092l	0	W	1
ptg000093l	0	W	1
ptg000098l	0	W	1
ptg000103l	0	W	1
ptg000104l	0	W	1
ptg000108l	0	W	1
ptg000133l	0	W	1
ptg000141l	0	W	1
ptg000146l	0	W	1
ptg000151l	0	W	1
ptg000153l	0	W	1
ptg000155l	0	W	1
ptg000159l	0	W	1
ptg000162l	0	W	1
ptg000164l	0	W	1
ptg000165l	0	W	1
ptg000166l	0	W	1
ptg000170l	0	W	1
ptg000173l	0	W	1
ptg000175l	0	W	1
ptg000176l	0	W	1
ptg000182l	0	W	1
ptg000184l	0	W	1
ptg000187l	0	W	1
ptg000197l	0	W	1
ptg000198l	0	W	1
ptg000199l	0	W	1
ptg000200l	0	W	1
ptg000202l	0	W	1
ptg000203l	0	W	1
ptg000206l	0	W	1
ptg000210l	0	W	1
ptg000212l	0	W	1
ptg000215l	0	W	1
ptg000216l	0	W	1
ptg000217l	0	W	1
ptg000219l	0	W	1
ptg000220l	0	W	1
ptg000233l	0	W	1
ptg000235l	0	W	1
ptg000241l	0	W	1
ptg000248l	0	W	1
ptg000250l	0	W	1
ptg000253l	0	W	1
ptg000255l	0	W	1
ptg000256l	0	W	1
ptg000259l	0	W	1
ptg000260l	0	W	1
ptg000262l	0	W	1
ptg000266l	0	W	1
ptg000270l	0	W	1
ptg000273l	0	W	1
ptg000284l	0	W	1
ptg000286l	0	W	1
ptg000289l	0	W	1
ptg000290l	0	W	1
ptg000291l	0	W	1
ptg000292l	0	W	1
ptg000301l	0	W	1
ptg000305l	0	W	1
ptg000317l	0	W	1
ptg000319l	0	W	1
ptg000320l	0	W	1
ptg000323l	0	W	1
ptg000324l	0	W	1
ptg000325l	0	W	1
ptg000327l	0	W	1
ptg000330l	0	W	1
ptg000340l	0	W	1
ptg000349l	0	W	1
ptg000350l	0	W	1
ptg000351l	0	W	1
ptg000355l	0	W	1
ptg000357l	0	W	1
ptg000358l	0	W	1
ptg000361l	0	W	1
ptg000365l	0	W	1
ptg000367l	0	W	1
ptg000371l	0	W	1
ptg000372l	0	W	1
ptg000374l	0	W	1
ptg000378l	0	W	1
ptg000380l	0	W	1
ptg000386l	0	W	1
ptg000389l	0	W	1
ptg000390l	0	W	1
ptg000393l	0	W	1
ptg000394l	0	W	1
ptg000398l	0	W	1
ptg000401l	0	W	1
ptg000403l	0	W	1
ptg000406l	0	W	1
ptg000411l	0	W	1
ptg000418l	0	W	1
ptg000421l	0	W	1
ptg000423l	0	W	1
ptg000424l	0	W	1
ptg000429l	0	W	1
ptg000435l	0	W	1
ptg000436l	0	W	1
ptg000437l	0	W	1
ptg000438l	0	W	1
ptg000439l	0	W	1
ptg000442l	0	W	1
ptg000444l	0	W	1
ptg000446l	0	W	1
ptg000448c	0	W	1
ptg000449l	0	W	1
ptg000450l	0	W	1
ptg000452l	0	W	1
ptg000454l	0	W	1
ptg000456l	0	W	1
ptg000457l	0	W	1
ptg000463l	0	W	1
ptg000469l	0	W	1
ptg000470l	0	W	1
ptg000471l	0	W	1
ptg000472l	0	W	1
ptg000477l	0	W	1
ptg000478l	0	W	1
ptg000480l	0	W	1
ptg000482l	0	W	1
ptg000484l	0	W	1
ptg000485l	0	W	1
ptg000486l	0	W	1
ptg000487l	0	W	1
ptg000488l	0	W	1
ptg000491l	0	W	1
ptg000493l	0	W	1
ptg000494l	0	W	1
ptg000497l	0	W	1
ptg000498l	0	W	1
ptg000499l	0	W	1
ptg000500l	0	W	1
ptg000502l	0	W	1
ptg000505l	0	W	1
ptg000506l	0	W	1
ptg000510l	0	W	1
ptg000513l	0	W	1
ptg000515l	0	W	1
ptg000517l	0	W	1
ptg000518l	0	W	1
ptg000521l	0	W	1
ptg000522l	0	W	1
ptg000523l	0	W	1
ptg000524l	0	W	1
ptg000530l	0	W	1
ptg000532l	0	W	1
ptg000533l	0	W	1
ptg000534l	0	W	1
ptg000535l	0	W	1
ptg000537l	0	W	1
ptg000538l	0	W	1
ptg000541l	0	W	1
ptg000546l	0	W	1
ptg000551l	0	W	1
ptg000554l	0	W	1
ptg000556l	0	W	1
ptg000559l	0	W	1
ptg000564l	0	W	1
ptg000567l	0	W	1
ptg000571l	0	W	1
ptg000572l	0	W	1
ptg000573l	0	W	1
ptg000575l	0	W	1
ptg000578l	0	W	1
ptg000582l	0	W	1
ptg000584l	0	W	1
ptg000590l	0	W	1
ptg000593l	0	W	1
ptg000598l	0	W	1
ptg000599l	0	W	1
ptg000604l	0	W	1
ptg000606l	0	W	1
ptg000612l	0	W	1
ptg000614l	0	W	1
ptg000618l	0	W	1
ptg000621l	0	W	1
ptg000622l	0	W	1
ptg000623l	0	W	1
ptg000625l	0	W	1
ptg000626l	0	W	1
ptg000630l	0	W	1
ptg000633l	0	W	1
ptg000635l	0	W	1
ptg000639l	0	W	1
ptg000640l	0	W	1
ptg000642l	0	W	1
ptg000644l	0	W	1
ptg000649l	0	W	1
ptg000651l	0	W	1
ptg000654l	0	W	1
ptg000657l	0	W	1
ptg000658l	0	W	1
ptg000662l	0	W	1
ptg000663l	0	W	1
ptg000665l	0	W	1
ptg000666l	0	W	1
ptg000668l	0	W	1
ptg000669l	0	W	1
ptg000671l	0	W	1
ptg000675l	0	W	1
ptg000676l	0	W	1
ptg000681l	0	W	1
ptg000683l	0	W	1
ptg000684l	0	W	1
ptg000686l	0	W	1
ptg000689l	0	W	1
ptg000693l	0	W	1
ptg000696l	0	W	1
ptg000699l	0	W	1
ptg000700l	0	W	1
ptg000703l	0	W	1
ptg000705l	0	W	1
ptg000706l	0	W	1
ptg000712l	0	W	1
ptg000713l	0	W	1
ptg000714l	0	W	1
ptg000726l	0	W	1
ptg000727l	0	W	1
ptg000731l	0	W	1
ptg000732l	0	W	1
ptg000734l	0	W	1
ptg000739l	0	W	1
ptg000744l	0	W	1
ptg000745l	0	W	1
ptg000748l	0	W	1
ptg000749l	0	W	1
ptg000752l	0	W	1
ptg000753l	0	W	1
ptg000759l	0	W	1
ptg000760l	0	W	1
ptg000761l	0	W	1
ptg000762l	0	W	1
ptg000765l	0	W	1
ptg000766l	0	W	1
ptg000772l	0	W	1
ptg000773l	0	W	1
ptg000774l	0	W	1
ptg000775l	0	W	1
ptg000777l	0	W	1
ptg000779l	0	W	1
ptg000780l	0	W	1
ptg000781l	0	W	1
ptg000784l	0	W	1
ptg000787l	0	W	1
ptg000790l	0	W	1
ptg000791l	0	W	1
ptg000793l	0	W	1
ptg000795l	0	W	1
ptg000796l	0	W	1
ptg000800l	0	W	1
ptg000803l	0	W	1
ptg000804l	0	W	1
ptg000807l	0	W	1
ptg000808l	0	W	1
ptg000811l	0	W	1
ptg000813l	0	W	1
ptg000814l	0	W	1
ptg000815l	0	W	1
ptg000818l	0	W	1
ptg000823l	0	W	1
ptg000826l	0	W	1
ptg000828l	0	W	1
ptg000832l	0	W	1
ptg000834l	0	W	1
ptg000835l	0	W	1
ptg000843l	0	W	1
ptg000844l	0	W	1
ptg000847l	0	W	1
ptg000849l	0	W	1
ptg000855l	0	W	1
ptg000856l	0	W	1
ptg000858l	0	W	1
ptg000859l	0	W	1
ptg000861l	0	W	1
ptg000862l	0	W	1
ptg000864l	0	W	1
ptg000870l	0	W	1
ptg000872l	0	W	1
ptg000873l	0	W	1
ptg000874l	0	W	1
ptg000875l	0	W	1
ptg000878l	0	W	1
ptg000880l	0	W	1
ptg000881l	0	W	1
ptg000882l	0	W	1
ptg000886l	0	W	1
ptg000891l	0	W	1
ptg000893l	0	W	1
ptg000894l	0	W	1
ptg000896l	0	W	1
ptg000898l	0	W	1
ptg000900l	0	W	1
ptg000906l	0	W	1
ptg000907l	0	W	1
ptg000908l	0	W	1
ptg000911l	0	W	1
ptg000912l	0	W	1
ptg000914l	0	W	1
ptg000918l	0	W	1
ptg000919l	0	W	1
ptg000921l	0	W	1
ptg000926l	0	W	1
ptg000928l	0	W	1
ptg000929l	0	W	1
ptg000930l	0	W	1
ptg000931l	0	W	1
ptg000934l	0	W	1
ptg000935l	0	W	1
ptg000936l	0	W	1
ptg000938l	0	W	1
ptg000941l	0	W	1
ptg000942l	0	W	1
ptg000943l	0	W	1
ptg000944l	0	W	1
ptg000945l	0	W	1
ptg000946l	0	W	1
ptg000947l	0	W	1
ptg000948l	0	W	1
ptg000950l	0	W	1
ptg000953l	0	W	1
ptg000954l	0	W	1
ptg000956l	0	W	1
ptg000958l	0	W	1
ptg000959l	0	W	1
ptg000960l	0	W	1
ptg000962l	0	W	1
ptg000965l	0	W	1
ptg000966l	0	W	1
ptg000967l	0	W	1
ptg000969l	0	W	1
ptg000975l	0	W	1
ptg000978l	0	W	1
ptg000980l	0	W	1
ptg000985l	0	W	1
ptg000986l	0	W	1
ptg000987l	0	W	1
ptg000988l	0	W	1
ptg000989l	0	W	1
ptg000991l	0	W	1
ptg000996l	0	W	1
ptg001003l	0	W	1
ptg001005l	0	W	1
ptg001006l	0	W	1
ptg001009l	0	W	1
ptg001011l	0	W	1
ptg001012l	0	W	1
ptg001013l	0	W	1
ptg001016l	0	W	1
ptg001017l	0	W	1
ptg001018l	0	W	1
ptg001022l	0	W	1
ptg001023l	0	W	1
ptg001024l	0	W	1
ptg001027l	0	W	1
ptg001028l	0	W	1
ptg001029l	0	W	1
ptg001033l	0	W	1
ptg001036l	0	W	1
ptg001038l	0	W	1
ptg001041l	0	W	1
ptg001042l	0	W	1
ptg001043l	0	W	1
ptg001048l	0	W	1
ptg001049l	0	W	1
ptg001052l	0	W	1
ptg001054l	0	W	1
ptg001055l	0	W	1
ptg001057l	0	W	1
ptg001058l	0	W	1
ptg001060l	0	W	1
ptg001062l	0	W	1
ptg001064l	0	W	1
ptg001065l	0	W	1
ptg001066l	0	W	1
ptg001068l	0	W	1
ptg001071l	0	W	1
ptg001072l	0	W	1
ptg001073l	0	W	1
ptg001074l	0	W	1
ptg001076l	0	W	1
ptg001078l	0	W	1
ptg001081l	0	W	1
ptg001085l	0	W	1
ptg001086l	0	W	1
ptg001087l	0	W	1
ptg001089l	0	W	1
ptg001090l	0	W	1
ptg001091l	0	W	1
ptg001096l	0	W	1
ptg001098c	0	W	1
ptg001100l	0	W	1
ptg001106l	0	W	1
ptg001107l	0	W	1
ptg001108l	0	W	1
ptg001113l	0	W	1
ptg001114l	0	W	1
ptg001115l	0	W	1
ptg001119l	0	W	1
ptg001120l	0	W	1
ptg001121l	0	W	1
ptg001122l	0	W	1
ptg001123l	0	W	1
ptg001124l	0	W	1
ptg001127l	0	W	1
ptg001128l	0	W	1
ptg001129l	0	W	1
ptg001130l	0	W	1
ptg001131l	0	W	1
ptg001134l	0	W	1
ptg001136l	0	W	1
ptg001137c	0	W	1
ptg001139l	0	W	1
ptg001143l	0	W	1
ptg001144l	0	W	1
ptg001145l	0	W	1
ptg001146l	0	W	1
ptg001147l	0	W	1
ptg001149l	0	W	1
ptg001150l	0	W	1
ptg001151l	0	W	1
ptg001152l	0	W	1
ptg001153l	0	W	1
ptg001154l	0	W	1
ptg001155l	0	W	1
ptg001156l	0	W	1
ptg001158l	0	W	1
ptg001159l	0	W	1
ptg001161l	0	W	1
ptg001163l	0	W	1
ptg001164l	0	W	1
ptg001166l	0	W	1
ptg001167l	0	W	1
ptg001168l	0	W	1
ptg001171l	0	W	1
ptg001176l	0	W	1
ptg001177l	0	W	1
ptg001178l	0	W	1
ptg001179l	0	W	1
ptg001181l	0	W	1
ptg001182l	0	W	1
ptg001184l	0	W	1
ptg001186l	0	W	1
ptg001189l	0	W	1
ptg001191l	0	W	1
ptg001192l	0	W	1
ptg001193l	0	W	1
ptg001195l	0	W	1
ptg001196l	0	W	1
ptg001200l	0	W	1
ptg001202l	0	W	1
ptg001204l	0	W	1
ptg001205l	0	W	1
ptg001207l	0	W	1
ptg001208l	0	W	1
ptg001210l	0	W	1
ptg001211l	0	W	1
ptg001213l	0	W	1
ptg001214l	0	W	1
ptg001217l	0	W	1
ptg001218l	0	W	1
ptg001219l	0	W	1
ptg001220l	0	W	1
ptg001222l	0	W	1
ptg001226l	0	W	1
ptg001227l	0	W	1
ptg001228l	0	W	1
ptg001231l	0	W	1
ptg001233l	0	W	1
ptg001234l	0	W	1
ptg001236l	0	W	1
ptg001237l	0	W	1
ptg001238l	0	W	1
ptg001239l	0	W	1
ptg001241l	0	W	1
ptg001242l	0	W	1
ptg001243l	0	W	1
ptg001244l	0	W	1
ptg001245l	0	W	1
ptg001246l	0	W	1
ptg001248l	0	W	1
ptg001249l	0	W	1
ptg001251l	0	W	1
ptg001252l	0	W	1
ptg001253l	0	W	1
ptg001255l	0	W	1
ptg001260l	0	W	1
ptg001261l	0	W	1
ptg001262l	0	W	1
ptg001263l	0	W	1
ptg001264l	0	W	1
ptg001265l	0	W	1
ptg001266l	0	W	1
ptg001267l	0	W	1
ptg001271l	0	W	1
ptg001272l	0	W	1
ptg001273l	0	W	1
ptg001275l	0	W	1
ptg001277l	0	W	1
ptg001278l	0	W	1
ptg001279l	0	W	1
ptg001280l	0	W	1
ptg001281l	0	W	1
ptg001282l	0	W	1
ptg001283l	0	W	1
ptg001284l	0	W	1
ptg001289l	0	W	1
ptg001290l	0	W	1
ptg001291l	0	W	1
ptg001295l	0	W	1
ptg001297l	0	W	1
ptg001303l	0	W	1
ptg001304l	0	W	1
ptg001306c	0	W	1
ptg001307l	0	W	1
ptg001308l	0	W	1
ptg001309l	0	W	1
ptg001310l	0	W	1
ptg001311l	0	W	1
ptg001312l	0	W	1
ptg001313l	0	W	1
ptg001314l	0	W	1
ptg001315l	0	W	1
ptg001316l	0	W	1
ptg001318l	0	W	1
ptg001319l	0	W	1
ptg001322l	0	W	1
ptg001324l	0	W	1
ptg001325l	0	W	1
ptg001327l	0	W	1
ptg001328l	0	W	1
ptg001329l	0	W	1
ptg001331l	0	W	1
ptg001332l	0	W	1
ptg001333l	0	W	1
ptg001335l	0	W	1
ptg001336l	0	W	1
ptg001337l	0	W	1
ptg001338l	0	W	1
ptg001339l	0	W	1
ptg001340l	0	W	1
ptg001341l	0	W	1
ptg001342l	0	W	1
ptg001343l	0	W	1
ptg001345l	0	W	1
ptg001346l	0	W	1
ptg001347l	0	W	1
ptg001348l	0	W	1
ptg001350l	0	W	1
ptg001351c	0	W	1
ptg001352l	0	W	1
ptg001353l	0	W	1
ptg001354l	0	W	1
ptg001355l	0	W	1
ptg001357l	0	W	1
ptg001358l	0	W	1
ptg001360l	0	W	1
ptg001361l	0	W	1
ptg001362l	0	W	1
ptg001363l	0	W	1
ptg001364l	0	W	1
ptg001366l	0	W	1
ptg001367l	0	W	1
ptg001368l	0	W	1
ptg001369l	0	W	1
ptg001370l	0	W	1
ptg001372l	0	W	1
ptg001373l	0	W	1
ptg001374l	0	W	1
ptg001375l	0	W	1
ptg001376l	0	W	1
ptg001377l	0	W	1
ptg001378l	0	W	1
ptg001379l	0	W	1
ptg001380l	0	W	1
ptg001381l	0	W	1
ptg001383l	0	W	1
ptg001384l	0	W	1
ptg001386l	0	W	1
ptg001387l	0	W	1
ptg001388l	0	W	1
ptg001390l	0	W	1
ptg001391l	0	W	1
ptg001393l	0	W	1
ptg001394l	0	W	1
ptg001395l	0	W	1
ptg001396l	0	W	1
ptg001398l	0	W	1
ptg001401l	0	W	1
ptg001402c	0	W	1
ptg001404l	0	W	1
ptg001405l	0	W	1
ptg001406l	0	W	1
ptg001409l	0	W	1
ptg001410l	0	W	1
ptg001411l	0	W	1
ptg001414l	0	W	1
ptg001415l	0	W	1
ptg001417l	0	W	1
ptg001420l	0	W	1
ptg001422l	0	W	1
ptg001424l	0	W	1
ptg001426l	0	W	1
ptg001427l	0	W	1
ptg001430l	0	W	1
ptg001431l	0	W	1
ptg001433l	0	W	1
ptg001434l	0	W	1
ptg001436l	0	W	1
ptg001437l	0	W	1
ptg001438l	0	W	1
ptg001440l	0	W	1
ptg001441l	0	W	1
ptg001442l	0	W	1
ptg001443l	0	W	1
ptg001444l	0	W	1
ptg001445l	0	W	1
ptg001446l	0	W	1
ptg001447l	0	W	1
ptg001448l	0	W	1
ptg001451l	0	W	1
ptg001453l	0	W	1
ptg001454l	0	W	1
ptg001455l	0	W	1
ptg001456l	0	W	1
ptg001457l	0	W	1
ptg001458l	0	W	1
ptg001460l	0	W	1
ptg001461l	0	W	1
ptg001463l	0	W	1
ptg001464l	0	W	1
ptg001467l	0	W	1
ptg001469l	0	W	1
ptg001470l	0	W	1
ptg001472l	0	W	1
ptg001474l	0	W	1
ptg001476l	0	W	1
ptg001477l	0	W	1
ptg001479l	0	W	1
ptg001480l	0	W	1
ptg001481l	0	W	1
ptg001482l	0	W	1
ptg001483l	0	W	1
ptg001485l	0	W	1
ptg001486l	0	W	1
ptg001488l	0	W	1
ptg001489l	0	W	1
ptg001491l	0	W	1
ptg001492l	0	W	1
ptg001493l	0	W	1
ptg001496l	0	W	1
ptg001497l	0	W	1
ptg001498l	0	W	1
ptg001501l	0	W	1
ptg001502l	0	W	1
ptg001504l	0	W	1
ptg001505l	0	W	1
ptg001506l	0	W	1
ptg001507l	0	W	1
ptg001509l	0	W	1
ptg001510l	0	W	1
ptg001511l	0	W	1
ptg001512l	0	W	1
ptg001513l	0	W	1
ptg001514l	0	W	1
ptg001515l	0	W	1
ptg001516l	0	W	1
ptg001517l	0	W	1
ptg001518l	0	W	1
ptg001519l	0	W	1
ptg001520l	0	W	1
ptg001521l	0	W	1
ptg001523l	0	W	1
ptg001524l	0	W	1
ptg001525l	0	W	1
ptg001526l	0	W	1
ptg001530l	0	W	1
ptg001533l	0	W	1
ptg001534l	0	W	1
ptg001536l	0	W	1
ptg001537l	0	W	1
ptg001538l	0	W	1
ptg001539l	0	W	1
ptg001541l	0	W	1
ptg001542l	0	W	1
ptg001543l	0	W	1
ptg001545l	0	W	1
ptg001546l	0	W	1
ptg001547l	0	W	1
ptg001549l	0	W	1
ptg001550l	0	W	1
ptg001551l	0	W	1
ptg001552l	0	W	1
ptg001553l	0	W	1
ptg001555l	0	W	1
ptg001556l	0	W	1
ptg001557l	0	W	1
ptg001558l	0	W	1
ptg001559l	0	W	1
ptg001560l	0	W	1
ptg001561l	0	W	1
ptg001562l	0	W	1
ptg001564l	0	W	1
ptg001565l	0	W	1
ptg001566l	0	W	1
ptg001568l	0	W	1
ptg001569l	0	W	1
ptg001572l	0	W	1
ptg001574l	0	W	1
ptg001577l	0	W	1
ptg001578l	0	W	1
ptg001580l	0	W	1
ptg001581l	0	W	1
ptg001582l	0	W	1
ptg001583l	0	W	1
ptg001584l	0	W	1
ptg001585l	0	W	1
ptg001587l	0	W	1
ptg001588l	0	W	1
ptg001589l	0	W	1
ptg001590l	0	W	1
ptg001591l	0	W	1
ptg001592l	0	W	1
ptg001593l	0	W	1
ptg001594l	0	W	1
ptg001597l	0	W	1
ptg001598l	0	W	1
ptg001599l	0	W	1
ptg001601l	0	W	1
ptg001602l	0	W	1
ptg001603l	0	W	1
ptg001604l	0	W	1
ptg001605l	0	W	1
ptg001606l	0	W	1
ptg001607l	0	W	1
ptg001608l	0	W	1
ptg001609l	0	W	1
ptg001610l	0	W	1
ptg001611l	0	W	1
ptg001612l	0	W	1
ptg001613l	0	W	1
ptg001614l	0	W	1
ptg001615l	0	W	1
ptg001616l	0	W	1
ptg001617l	0	W	1
ptg001618l	0	W	1
ptg001619l	0	W	1
ptg001620l	0	W	1
ptg001621l	0	W	1
ptg001622l	0	W	1
ptg001623l	0	W	1
ptg001624l	0	W	1
ptg001625l	0	W	1
ptg001626l	0	W	1
ptg001627l	0	W	1
ptg001629l	0	W	1
ptg001630l	0	W	1
ptg001631l	0	W	1
ptg001632l	0	W	1
ptg001633l	0	W	1
ptg001634l	0	W	1
ptg001635l	0	W	1
ptg001636l	0	W	1
ptg001638l	0	W	1
ptg001639l	0	W	1
ptg001640l	0	W	1
ptg001641l	0	W	1
ptg001642l	0	W	1
ptg001643l	0	W	1
ptg001644l	0	W	1
ptg001645l	0	W	1
ptg001647l	0	W	1
ptg001648l	0	W	1
ptg001649l	0	W	1
ptg001650l	0	W	1
ptg001651l	0	W	1
ptg001652l	0	W	1
ptg001653l	0	W	1
ptg001654l	0	W	1
ptg001655l	0	W	1
ptg001656l	0	W	1
ptg001657l	0	W	1
ptg001658l	0	W	1
ptg001659l	0	W	1
ptg001660l	0	W	1
ptg001661l	0	W	1
ptg001664l	0	W	1
ptg001665l	0	W	1
ptg001666l	0	W	1
ptg001667l	0	W	1
ptg001670l	0	W	1
ptg001671l	0	W	1
ptg001672l	0	W	1
ptg001673l	0	W	1
ptg001674l	0	W	1
ptg001675l	0	W	1
ptg001676l	0	W	1
ptg001677l	0	W	1
ptg001679l	0	W	1
ptg001680l	0	W	1
ptg001681l	0	W	1
ptg001682l	0	W	1
ptg001683l	0	W	1
ptg001684l	0	W	1
ptg001685l	0	W	1
ptg001686l	0	W	1
ptg001687l	0	W	1
ptg001688l	0	W	1
ptg001689l	0	W	1
ptg001690l	0	W	1
ptg001691l	0	W	1
ptg001692l	0	W	1
ptg001693l	0	W	1
ptg001694l	0	W	1
ptg001695l	0	W	1
ptg001696l	0	W	1
ptg001697l	0	W	1
ptg001698l	0	W	1
ptg001699l	0	W	1
ptg001701l	0	W	1
ptg001702l	0	W	1
ptg001703l	0	W	1
ptg001704l	0	W	1
ptg001705l	0	W	1
ptg001706l	0	W	1
ptg001707l	0	W	1
ptg001708l	0	W	1
ptg001709l	0	W	1
ptg001710l	0	W	1
ptg001711l	0	W	1
ptg001712l	0	W	1
ptg001713l	0	W	1
ptg001715l	0	W	1
ptg001716l	0	W	1
ptg001717l	0	W	1
ptg001718l	0	W	1
ptg001719l	0	W	1
ptg001720l	0	W	1
ptg001721c	0	W	1
ptg001722l	0	W	1
ptg001723l	0	W	1
ptg001724l	0	W	1
ptg001725l	0	W	1
ptg001726l	0	W	1
ptg001727l	0	W	1
ptg001728l	0	W	1
ptg001729l	0	W	1
ptg001730l	0	W	1
ptg001732l	0	W	1
ptg001733l	0	W	1
ptg001734l	0	W	1
ptg001736l	0	W	1
ptg001737l	0	W	1
ptg001738l	0	W	1
ptg001740l	0	W	1
ptg001742l	0	W	1
ptg001743l	0	W	1
ptg001744l	0	W	1
ptg001745l	0	W	1
ptg001746l	0	W	1
ptg001747l	0	W	1
ptg001748l	0	W	1
ptg001749l	0	W	1
ptg001750l	0	W	1
ptg001751l	0	W	1
ptg001753l	0	W	1
ptg001754l	0	W	1
ptg001755l	0	W	1
ptg001756l	0	W	1
ptg001757l	0	W	1
ptg001758l	0	W	1
ptg001759l	0	W	1
ptg001760l	0	W	1
ptg001761l	0	W	1
ptg001762l	0	W	1
ptg001763l	0	W	1
ptg001764l	0	W	1
ptg001765l	0	W	1
ptg001768l	0	W	1
ptg001769l	0	W	1
ptg001770l	0	W	1
ptg001772l	0	W	1
ptg001773l	0	W	1
ptg001774l	0	W	1
ptg001775l	0	W	1
ptg001776l	0	W	1
ptg001777l	0	W	1
ptg001778l	0	W	1
ptg001779l	0	W	1
ptg001780l	0	W	1
ptg001781l	0	W	1
ptg001782l	0	W	1
ptg001783l	0	W	1
ptg001784l	0	W	1
ptg001785l	0	W	1
ptg001786l	0	W	1
ptg001787l	0	W	1
ptg001788l	0	W	1
ptg001789l	0	W	1
ptg001790l	0	W	1
ptg001792l	0	W	1
ptg001793l	0	W	1
ptg001794l	0	W	1
ptg001795l	0	W	1
ptg001798l	0	W	1
ptg001799l	0	W	1
ptg001800l	0	W	1
ptg001801l	0	W	1
ptg001802l	0	W	1
ptg001803l	0	W	1
ptg001804l	0	W	1
ptg001805l	0	W	1
ptg001806l	0	W	1
ptg001807l	0	W	1
ptg001808l	0	W	1
ptg001811l	0	W	1
ptg001812l	0	W	1
ptg001813l	0	W	1
ptg001814l	0	W	1
ptg001815l	0	W	1
ptg001816l	0	W	1
ptg001817l	0	W	1
ptg001818l	0	W	1
ptg001819l	0	W	1
ptg001820l	0	W	1
ptg001821l	0	W	1
ptg001822l	0	W	1
ptg001823l	0	W	1
ptg001824l	0	W	1
ptg001825l	0	W	1
ptg001826l	0	W	1
ptg001827l	0	W	1
ptg001828l	0	W	1
ptg001829l	0	W	1
ptg001830l	0	W	1
ptg001831l	0	W	1
ptg001832l	0	W	1
ptg001833l	0	W	1
ptg001834l	0	W	1
ptg001836l	0	W	1
ptg001837l	0	W	1
ptg001838l	0	W	1
ptg001839l	0	W	1
ptg001840l	0	W	1
ptg001841l	0	W	1
ptg001842l	0	W	1
ptg001843l	0	W	1
ptg001844l	0	W	1
ptg001845l	0	W	1
ptg001846l	0	W	1
ptg001847l	0	W	1
ptg001848l	0	W	1
ptg001849l	0	W	1
ptg001850l	0	W	1
ptg001851l	0	W	1
ptg001852l	0	W	1
ptg001853l	0	W	1
ptg001854l	0	W	1
ptg001855l	0	W	1
ptg001856l	0	W	1
ptg001857l	0	W	1
ptg001858l	0	W	1
ptg001859l	0	W	1
ptg001860l	0	W	1
ptg001861l	0	W	1
ptg001862l	0	W	1
ptg001863l	0	W	1
ptg001864l	0	W	1
ptg001865l	0	W	1
ptg001866l	0	W	1
ptg001867l	0	W	1
ptg001868l	0	W	1
ptg001869l	0	W	1
ptg001870l	0	W	1
ptg001871l	0	W	1
ptg001872l	0	W	1
ptg001873l	0	W	1
ptg001874l	0	W	1
ptg001875l	0	W	1
ptg001876l	0	W	1
ptg001877l	0	W	1
ptg001878l	0	W	1
ptg001880l	0	W	1
ptg001882l	0	W	1
ptg001883l	0	W	1
ptg001884l	0	W	1
