iteration,chain,Î»,pzero,lp,n_steps,is_accept,acceptance_rate,log_density,hamiltonian_energy,hamiltonian_energy_error,max_hamiltonian_energy_error,tree_depth,numerical_error,step_size,nom_step_size
401,1,9.980600309874422,0.5026564635829612,-19658.53028359777,3.0,1.0,0.8967720685133113,-19658.53028359777,19658.656238638694,0.05303909776193905,0.14241111791488947,2.0,0.0,0.6258153506910179,0.6258153506910179
402,1,9.980600309874422,0.5026564635829612,-19658.53028359777,3.0,1.0,0.5267984452859888,-19658.53028359777,19660.42609797543,0.0,1.0031278016285796,2.0,0.0,0.6258153506910179,0.6258153506910179
403,1,10.005442515604464,0.5132560967285457,-19659.215163538884,7.0,1.0,0.7469229276429133,-19659.215163538884,19660.912798181133,0.1345925945424824,0.517940886256838,2.0,0.0,0.6258153506910179,0.6258153506910179
404,1,9.978299305362068,0.5061509531842496,-19658.26866210805,3.0,1.0,1.0,-19658.26866210805,19659.13317858222,-0.17954125777760055,-0.17954125777760055,2.0,0.0,0.6258153506910179,0.6258153506910179
405,1,10.005297588755878,0.512739802992535,-19659.07734355473,3.0,1.0,0.8926669755082587,-19659.07734355473,19659.158414622725,0.15312480071588652,0.15312480071588652,2.0,0.0,0.6258153506910179,0.6258153506910179
406,1,9.977520835024515,0.5046188793433689,-19658.334761693506,7.0,1.0,0.7208788493355954,-19658.334761693506,19659.708494032348,-0.13697063083964167,0.7423761754180305,2.0,0.0,0.6258153506910179,0.6258153506910179
407,1,10.006067149997527,0.501895176604146,-19658.673985131787,3.0,1.0,0.7846467957322935,-19658.673985131787,19659.1442993175,0.06326419922334026,0.39571950552635826,2.0,0.0,0.6258153506910179,0.6258153506910179
408,1,10.025372292002688,0.5084370518459204,-19658.58429236815,3.0,1.0,0.9230286839120453,-19658.58429236815,19659.228355340238,0.053428760591486935,0.19709505339051248,2.0,0.0,0.6258153506910179,0.6258153506910179
409,1,9.958276181434226,0.5044253744001596,-19658.577167003677,3.0,1.0,1.0,-19658.577167003677,19658.693019834536,-0.000646818687528139,-0.08222522307551117,2.0,0.0,0.6258153506910179,0.6258153506910179
410,1,9.99061200363266,0.5077660128475138,-19658.261367371433,7.0,1.0,0.9890479840666953,-19658.261367371433,19658.609650655013,-0.1458443481096765,-0.1458443481096765,2.0,0.0,0.6258153506910179,0.6258153506910179
411,1,9.992695288096437,0.5024279650175879,-19658.53434318624,3.0,1.0,0.6156840963143129,-19658.53434318624,19659.32677355452,0.051593838492408395,0.8044559128393303,2.0,0.0,0.6258153506910179,0.6258153506910179
412,1,9.950571095334208,0.5006222192724211,-19659.30602274283,1.0,1.0,0.758459234930506,-19659.30602274283,19659.309925735906,0.2764662259614852,0.2764662259614852,1.0,0.0,0.6258153506910179,0.6258153506910179
413,1,10.032179984403518,0.5123977690970496,-19659.348481968376,3.0,1.0,0.6567483019658081,-19659.348481968376,19660.64707571366,-0.005689633882866474,0.8317087346185872,2.0,0.0,0.6258153506910179,0.6258153506910179
414,1,9.950316168358139,0.5078648651652733,-19658.693631200178,3.0,1.0,0.5787787682320392,-19658.693631200178,19660.648076731875,-0.10641409644813393,1.0605010950239375,2.0,0.0,0.6258153506910179,0.6258153506910179
415,1,9.914185605475522,0.49720297648436174,-19661.401433569878,3.0,1.0,0.4615863014764958,-19661.401433569878,19662.96900753183,0.8413450244224805,0.9812064924190054,2.0,0.0,0.6258153506910179,0.6258153506910179
416,1,10.017389228700962,0.5169947611642757,-19660.640070905938,3.0,1.0,1.0,-19660.640070905938,19661.406202333757,-0.5581494319303602,-0.973212644988962,2.0,0.0,0.6258153506910179,0.6258153506910179
417,1,9.966313278048403,0.5053082784113351,-19658.40628240732,3.0,1.0,1.0,-19658.40628240732,19660.27313602279,-0.42375301189895254,-0.42375301189895254,2.0,0.0,0.6258153506910179,0.6258153506910179
418,1,9.961283395821813,0.5107956660215173,-19658.84428998237,3.0,1.0,0.8453123946026402,-19658.84428998237,19659.704557481502,0.10475875019983505,0.2493418848134752,2.0,0.0,0.6258153506910179,0.6258153506910179
419,1,9.918626933480635,0.5121294728106932,-19660.215032894957,1.0,1.0,0.5501717657382644,-19660.215032894957,19660.34699671615,0.597524748169235,0.597524748169235,1.0,0.0,0.6258153506910179,0.6258153506910179
420,1,9.930985031704843,0.5010734737267731,-19659.702565867585,3.0,1.0,0.8678779581519493,-19659.702565867585,19662.520181807773,-0.22383077545964625,0.4409969054067915,1.0,0.0,0.6258153506910179,0.6258153506910179
421,1,9.903535988115056,0.5034712940663643,-19660.327549376478,3.0,1.0,0.7649361021451936,-19660.327549376478,19661.10268812145,0.4299516477076395,0.439640867010894,2.0,0.0,0.6258153506910179,0.6258153506910179
422,1,10.001252478159005,0.5066825867058071,-19658.24608895778,3.0,1.0,0.9801192691589607,-19658.24608895778,19659.843166494236,-0.985425031700288,-0.985425031700288,2.0,0.0,0.6258153506910179,0.6258153506910179
423,1,9.981400483145523,0.5119605717930151,-19658.873367944205,3.0,1.0,0.5411503558839913,-19658.873367944205,19659.84654063936,0.12245176168289618,0.9970545592732378,2.0,0.0,0.6258153506910179,0.6258153506910179
424,1,10.001794497407058,0.5068516664566837,-19658.25132213406,3.0,1.0,0.8088289792739148,-19658.25132213406,19659.197618965765,-0.11962903952371562,0.346686029657576,2.0,0.0,0.6258153506910179,0.6258153506910179
425,1,9.992654056171242,0.5081438810196187,-19658.285028988616,3.0,1.0,0.995570909404543,-19658.285028988616,19658.307432569738,-0.0011202860368939582,0.013376337421505013,1.0,0.0,0.6258153506910179,0.6258153506910179
426,1,10.017060049089661,0.49955386882082226,-19659.310288538567,3.0,1.0,0.6851319918011325,-19659.310288538567,19661.074628665396,0.24313321023146273,0.5734006143138686,2.0,0.0,0.6258153506910179,0.6258153506910179
427,1,10.030367284861715,0.505344143376886,-19658.60927179346,3.0,1.0,0.9489523557417989,-19658.60927179346,19659.694691325123,-0.06821718399078236,0.1662233503702737,1.0,0.0,0.6258153506910179,0.6258153506910179
428,1,10.009890757266799,0.5098072476185782,-19658.538203813245,3.0,1.0,0.9588060070552812,-19658.538203813245,19659.112431414134,-0.10212256285376498,0.13191210875447723,2.0,0.0,0.6258153506910179,0.6258153506910179
429,1,10.009890757266799,0.5098072476185782,-19658.538203813245,3.0,1.0,0.4385156714770692,-19658.538203813245,19660.49335744407,0.0,1.8604888411973661,1.0,0.0,0.6258153506910179,0.6258153506910179
430,1,9.973847419578805,0.51221116061265,-19658.98377858366,3.0,1.0,0.8631480141882104,-19658.98377858366,19659.517446051566,0.0850022891536355,0.2701287143281661,2.0,0.0,0.6258153506910179,0.6258153506910179
431,1,9.942391850401556,0.4955541602923788,-19661.170153878178,3.0,1.0,0.6131312567864363,-19661.170153878178,19662.63830599523,0.576280036711978,0.621304601932934,2.0,0.0,0.6258153506910179,0.6258153506910179
432,1,10.0137694525949,0.4981196761578933,-19659.70464287492,3.0,1.0,1.0,-19659.70464287492,19660.86450649449,-0.42894255698411143,-0.5827803977044823,2.0,0.0,0.6258153506910179,0.6258153506910179
433,1,9.979305677370268,0.49719941410064555,-19659.945514111394,3.0,1.0,0.9930777779391318,-19659.945514111394,19660.17825445403,0.020985325914807618,-0.2944850170497375,2.0,0.0,0.6258153506910179,0.6258153506910179
434,1,10.002226702049002,0.5089834440576112,-19658.384959571133,3.0,1.0,0.4371062569193029,-19658.384959571133,19661.73090509262,-0.30465221538906917,1.8947314221950364,2.0,0.0,0.6258153506910179,0.6258153506910179
435,1,9.981472953867332,0.5101560255703417,-19658.534805843432,3.0,1.0,0.8837390698874484,-19658.534805843432,19658.906396361428,0.028779551314073615,0.22590083735849475,2.0,0.0,0.6258153506910179,0.6258153506910179
436,1,9.900143064520107,0.5100097151490328,-19660.575644642297,3.0,1.0,0.5776124951742829,-19660.575644642297,19660.64890924565,1.0212684691141476,1.0212684691141476,2.0,0.0,0.6258153506910179,0.6258153506910179
437,1,9.99831933376429,0.5114325110954017,-19658.744275215515,3.0,1.0,1.0,-19658.744275215515,19659.800632821072,-0.9882506197864132,-1.0807136125149555,2.0,0.0,0.6258153506910179,0.6258153506910179
438,1,9.996686675514454,0.5119757134004007,-19658.85555939456,1.0,1.0,0.980489448220139,-19658.85555939456,19658.926686469444,0.01970339503532159,0.01970339503532159,1.0,0.0,0.6258153506910179,0.6258153506910179
439,1,9.941209804207814,0.5120824940553473,-19659.509256561723,3.0,1.0,0.8478315619014185,-19659.509256561723,19659.624212278588,0.3184947999397991,0.3184947999397991,2.0,0.0,0.6258153506910179,0.6258153506910179
440,1,9.98373390511305,0.5056799898156797,-19658.248264098693,3.0,1.0,0.9131417016569254,-19658.248264098693,19660.89329528837,-0.4302740510829608,-0.4302740510829608,2.0,0.0,0.6258153506910179,0.6258153506910179
441,1,9.99994955587278,0.5049009369822117,-19658.28212457565,3.0,1.0,0.9971792862143096,-19658.28212457565,19658.30083997821,0.0064405478224216495,-0.00658557286078576,2.0,0.0,0.6258153506910179,0.6258153506910179
442,1,9.983254725063766,0.5068989072208235,-19658.246022343177,7.0,1.0,0.8331717366418196,-19658.246022343177,19658.635894728115,-0.005657899258949328,0.34973587611239054,2.0,0.0,0.6258153506910179,0.6258153506910179
443,1,10.00044630991047,0.5062097750390799,-19658.24118374977,7.0,1.0,0.9466194386659126,-19658.24118374977,19658.353472546,-0.0010771618799481075,0.0983360221980547,2.0,0.0,0.6258153506910179,0.6258153506910179
444,1,10.041351537440438,0.5115206964877149,-19659.355032766045,3.0,1.0,0.7325669740078394,-19659.355032766045,19659.661593071905,0.39299192696853424,0.39904258972092066,2.0,0.0,0.6258153506910179,0.6258153506910179
445,1,9.989044733932582,0.5007989387938201,-19658.84645098762,7.0,1.0,0.997536246256527,-19658.84645098762,19659.14857124601,-0.28285156324272975,-0.39284700233474723,2.0,0.0,0.6258153506910179,0.6258153506910179
446,1,9.957783826608873,0.5029006311151195,-19658.750865466372,3.0,1.0,0.955157719748219,-19658.750865466372,19659.06002197324,0.06977990436280379,-0.11226074227306526,2.0,0.0,0.6258153506910179,0.6258153506910179
447,1,10.025984693456019,0.4973090277021701,-19660.15431139101,3.0,1.0,0.8611863583918241,-19660.15431139101,19660.68614023013,0.26700365302167484,0.26700365302167484,2.0,0.0,0.6258153506910179,0.6258153506910179
448,1,10.065214615528932,0.5154567835855158,-19661.1950768791,7.0,1.0,0.811829503958041,-19661.1950768791,19661.407728044822,0.5199815228552325,0.5199815228552325,2.0,0.0,0.6258153506910179,0.6258153506910179
449,1,9.955507579179743,0.5028780698626814,-19658.793703065883,7.0,1.0,0.9098677017019581,-19658.793703065883,19662.794421127117,-0.762219382722833,-0.763169592635677,2.0,0.0,0.6258153506910179,0.6258153506910179
450,1,9.91310631281197,0.5001528819324553,-19660.53518517482,3.0,1.0,0.6844449282427543,-19660.53518517482,19660.698360154038,0.7019192303196178,0.7019192303196178,2.0,0.0,0.6258153506910179,0.6258153506910179
451,1,10.071059785664627,0.503580462193279,-19659.920353736612,3.0,1.0,1.0,-19659.920353736612,19660.775372463704,-0.11222273979728925,-0.8128896072121279,2.0,0.0,0.6258153506910179,0.6258153506910179
452,1,10.041736531688178,0.5044841430878917,-19658.906753231466,3.0,1.0,1.0,-19658.906753231466,19659.74693942185,-0.4826832038088469,-0.4826832038088469,2.0,0.0,0.6258153506910179,0.6258153506910179
453,1,9.940291242718937,0.5030842567310685,-19659.097295691052,3.0,1.0,0.4564203482093822,-19659.097295691052,19661.029349433906,0.06725126205856213,1.5567638340326084,2.0,0.0,0.6258153506910179,0.6258153506910179
454,1,9.912619408914763,0.5075907082892316,-19659.80971268094,3.0,1.0,0.7553835474098434,-19659.80971268094,19660.565301687493,0.4106674663562444,0.505932268268225,1.0,0.0,0.6258153506910179,0.6258153506910179
455,1,9.871513140090887,0.507389954923914,-19661.846766356874,1.0,1.0,0.36442165513223523,-19661.846766356874,19662.61976905618,1.0094436885447067,1.0094436885447067,1.0,0.0,0.6258153506910179,0.6258153506910179
456,1,9.98086644266742,0.5048727746609323,-19658.297291170933,7.0,1.0,0.9835133344874899,-19658.297291170933,19660.208628025863,-1.7702824361185776,-1.7808477492108068,2.0,0.0,0.6258153506910179,0.6258153506910179
457,1,10.002846753305558,0.5061252046573042,-19658.253505372002,3.0,1.0,0.9758898334499418,-19658.253505372002,19658.351352277066,-0.008368972743483027,0.04016515248440555,2.0,0.0,0.6258153506910179,0.6258153506910179
458,1,9.97982815999011,0.4953270694946786,-19660.699845068397,3.0,1.0,0.4216963352693832,-19660.699845068397,19661.6868043434,0.4680297637496551,1.14692961212495,2.0,0.0,0.6258153506910179,0.6258153506910179
459,1,9.95601549184494,0.4981943320992126,-19659.8786996063,1.0,1.0,1.0,-19659.8786996063,19660.836061260576,-0.06904930068048998,-0.06904930068048998,1.0,0.0,0.6258153506910179,0.6258153506910179
460,1,10.027799316161179,0.507428715808333,-19658.563008407273,3.0,1.0,1.0,-19658.563008407273,19659.694303023804,-0.2493227271406795,-0.2850147068129445,2.0,0.0,0.6258153506910179,0.6258153506910179
461,1,9.97506956370086,0.49752789954804133,-19659.857742110882,3.0,1.0,0.7398350179333743,-19659.857742110882,19661.145011682525,0.16883959642291302,0.5012367685994832,1.0,0.0,0.6258153506910179,0.6258153506910179
462,1,9.96938314804311,0.5119307012535858,-19658.964540425182,7.0,1.0,0.693219402901079,-19658.964540425182,19662.98172389142,-0.15209034400322707,0.767937958065886,2.0,0.0,0.6258153506910179,0.6258153506910179
463,1,10.014352191673932,0.5127197794854529,-19659.152475120787,3.0,1.0,0.9347878644793091,-19659.152475120787,19659.999780270293,0.03569888221682049,0.17502887014779844,2.0,0.0,0.6258153506910179,0.6258153506910179
464,1,10.004184003533705,0.5065796052596616,-19658.260771016325,3.0,1.0,0.9911419671605816,-19658.260771016325,19659.342235381715,-0.19630035134105128,-0.19630035134105128,2.0,0.0,0.6258153506910179,0.6258153506910179
465,1,9.979473703938938,0.511302215345621,-19658.745747605364,3.0,1.0,0.9473578306288698,-19658.745747605364,19658.791309904725,0.09215234252042137,0.09215234252042137,2.0,0.0,0.6258153506910179,0.6258153506910179
466,1,9.979473703938938,0.511302215345621,-19658.745747605364,1.0,1.0,0.08566929608007186,-19658.745747605364,19661.942907905654,0.0,2.4572607896843692,1.0,0.0,0.6258153506910179,0.6258153506910179
467,1,10.004169506226658,0.49664382177793176,-19660.154568787417,7.0,1.0,0.7676197941035104,-19660.154568787417,19660.506194695245,0.2667459801923542,0.49465864939338644,2.0,0.0,0.6258153506910179,0.6258153506910179
468,1,10.004169506226658,0.49664382177793176,-19660.154568787417,1.0,1.0,0.4383453947203143,-19660.154568787417,19661.543497716288,0.0,0.8247481069447531,1.0,0.0,0.6258153506910179,0.6258153506910179
469,1,9.979386809865272,0.5029874666306026,-19658.49032575365,3.0,1.0,0.8909017801839251,-19658.49032575365,19660.73195567514,-0.3149070659237623,0.39644787500219536,2.0,0.0,0.6258153506910179,0.6258153506910179
470,1,10.015914743696252,0.5081386838441927,-19658.42735321807,7.0,1.0,0.9304125727867617,-19658.42735321807,19658.97596959916,0.020338998165243538,0.14396737472270615,2.0,0.0,0.6258153506910179,0.6258153506910179
471,1,9.967669940865518,0.5105746434239604,-19658.71960927902,3.0,1.0,0.7428498376288596,-19658.71960927902,19659.3180287714,0.05818604772139224,0.4753624718177889,2.0,0.0,0.6258153506910179,0.6258153506910179
472,1,9.921550358252757,0.5043291366042315,-19659.53162547573,3.0,1.0,0.7202614573689936,-19659.53162547573,19660.10138604848,0.48603496091163834,0.6056418005064188,2.0,0.0,0.6258153506910179,0.6258153506910179
473,1,10.062386071981386,0.5081488805200185,-19659.508217092676,3.0,1.0,1.0,-19659.508217092676,19660.14198387066,-0.010623850834235782,-0.04804648829303915,2.0,0.0,0.6258153506910179,0.6258153506910179
474,1,10.029485575020052,0.5090157855274813,-19658.710731040283,1.0,1.0,1.0,-19658.710731040283,19659.32240186539,-0.42402058695370215,-0.42402058695370215,1.0,0.0,0.6258153506910179,0.6258153506910179
475,1,9.996426989212557,0.5166286783036168,-19660.331546563175,3.0,1.0,0.8387996330365978,-19660.331546563175,19660.87152225736,0.20093655928576482,0.35891376686049625,2.0,0.0,0.6258153506910179,0.6258153506910179
476,1,9.996081405544723,0.514216952553425,-19659.45714473606,1.0,1.0,1.0,-19659.45714473606,19660.225263221164,-0.16606769313875702,-0.16606769313875702,1.0,0.0,0.6258153506910179,0.6258153506910179
477,1,9.963348657705295,0.5164550091632719,-19660.456742068,1.0,1.0,0.7784514431634677,-19660.456742068,19660.52536509953,0.2504486619545787,0.2504486619545787,1.0,0.0,0.6258153506910179,0.6258153506910179
478,1,10.020455518427003,0.5088875864887905,-19658.550290768195,3.0,1.0,1.0,-19658.550290768195,19660.49525005712,-0.361457604685711,-0.361457604685711,2.0,0.0,0.6258153506910179,0.6258153506910179
479,1,10.009881650937974,0.5058385675395306,-19658.308419038774,3.0,1.0,0.9953529230630553,-19658.308419038774,19658.62257843503,-0.08360807486315025,-0.08360807486315025,1.0,0.0,0.6258153506910179,0.6258153506910179
480,1,9.991787562273483,0.5035188884868091,-19658.38565456378,3.0,1.0,0.9872378871924813,-19658.38565456378,19658.466046543217,-0.010200896551396,0.03903852171060862,1.0,0.0,0.6258153506910179,0.6258153506910179
481,1,9.90562722344844,0.5076573845020805,-19660.10104386606,3.0,1.0,0.5918625612901738,-19660.10104386606,19660.452352075,0.8939293929761334,0.9867998687332147,1.0,0.0,0.6258153506910179,0.6258153506910179
482,1,9.949412986818965,0.5030721575734932,-19658.88626700301,3.0,1.0,0.9671354393256988,-19658.88626700301,19660.082445918117,-0.65931798931706,-0.673703807828133,2.0,0.0,0.6258153506910179,0.6258153506910179
483,1,10.03324613041969,0.5044457111592859,-19658.719142284834,3.0,1.0,0.4488711785290289,-19658.719142284834,19660.952118103687,-0.05524736103689065,1.7947712006753136,2.0,0.0,0.6258153506910179,0.6258153506910179
484,1,10.012234905368121,0.4995929485322688,-19659.245399943502,3.0,1.0,0.9549469337199875,-19659.245399943502,19659.593151682406,0.0005944247241131961,0.1445229513774393,2.0,0.0,0.6258153506910179,0.6258153506910179
485,1,9.996026716004401,0.5138575071952297,-19659.346783639645,7.0,1.0,0.994730814384755,-19659.346783639645,19659.398342326807,-0.011307809989375528,-0.21240519207640318,2.0,0.0,0.6258153506910179,0.6258153506910179
486,1,9.999732656042552,0.5114887038887261,-19658.76071666666,1.0,1.0,1.0,-19658.76071666666,19659.252495291526,-0.10777141751532326,-0.10777141751532326,1.0,0.0,0.6258153506910179,0.6258153506910179
487,1,10.01045327700968,0.5011917646431462,-19658.84551419297,7.0,1.0,0.9940822196331602,-19658.84551419297,19658.869115822436,0.03788556887229788,-0.0992373050430615,2.0,0.0,0.6258153506910179,0.6258153506910179
488,1,10.01045327700968,0.5011917646431462,-19658.84551419297,1.0,1.0,0.6994666979026797,-19658.84551419297,19659.537740431377,0.0,0.3574370944406837,1.0,0.0,0.6258153506910179,0.6258153506910179
489,1,10.082304586036276,0.501621941666214,-19660.683468325566,1.0,1.0,0.3873688721923327,-19660.683468325566,19660.859137079224,0.948377881799388,0.948377881799388,1.0,0.0,0.6258153506910179,0.6258153506910179
490,1,10.043355896054438,0.5132837796007046,-19659.829986083158,3.0,1.0,0.9656592439695459,-19659.829986083158,19661.047983874458,-0.5861613376146124,-0.7315018009940104,2.0,0.0,0.6258153506910179,0.6258153506910179
491,1,10.08966442424467,0.5016830008230915,-19661.010930397762,3.0,1.0,0.6297469741243766,-19661.010930397762,19661.989338654937,0.754550340341666,0.8698392161495576,2.0,0.0,0.6258153506910179,0.6258153506910179
492,1,9.894150701031814,0.4991761868920758,-19661.630286984364,3.0,1.0,0.9595085188890954,-19661.630286984364,19662.961566042428,0.12951028052339097,-0.5651581540769257,2.0,0.0,0.6258153506910179,0.6258153506910179
493,1,9.977472022636888,0.49646512168202034,-19660.238044791662,3.0,1.0,1.0,-19660.238044791662,19661.45768877479,-0.9764807139799814,-1.3534362693717412,2.0,0.0,0.6258153506910179,0.6258153506910179
494,1,9.976619524537977,0.4953105369252988,-19660.728727655413,1.0,1.0,0.9093229894931851,-19660.728727655413,19660.99855908622,0.0950549239423708,0.0950549239423708,1.0,0.0,0.6258153506910179,0.6258153506910179
495,1,10.00702509949546,0.5131964348261054,-19659.210027463334,7.0,1.0,0.9924212688694397,-19659.210027463334,19660.764820202734,-0.2882449701355654,-0.4655115385794488,2.0,0.0,0.6258153506910179,0.6258153506910179
496,1,9.967743456099663,0.5153142724109372,-19659.965109445442,1.0,1.0,0.8434072349750286,-19659.965109445442,19660.03656108823,0.1703053593628283,0.1703053593628283,1.0,0.0,0.6258153506910179,0.6258153506910179
497,1,10.01541810614748,0.5042610922723838,-19658.448939418355,7.0,1.0,0.8640705792937572,-19658.448939418355,19660.141972511592,-0.2919381077917933,0.3444929375727952,2.0,0.0,0.6258153506910179,0.6258153506910179
498,1,10.027013478030044,0.5041834961409121,-19658.623364410556,3.0,1.0,0.9510864395427907,-19658.623364410556,19658.707010888542,0.08524096645123791,0.08524096645123791,2.0,0.0,0.6258153506910179,0.6258153506910179
499,1,10.027013478030044,0.5041834961409121,-19658.623364410556,3.0,1.0,0.5113740680407727,-19658.623364410556,19661.336069238558,0.0,0.8684802530988236,2.0,0.0,0.6258153506910179,0.6258153506910179
500,1,10.027013478030044,0.5041834961409121,-19658.623364410556,1.0,1.0,0.1089123825293628,-19658.623364410556,19661.491381777138,0.0,2.2172115500034124,1.0,0.0,0.6258153506910179,0.6258153506910179
501,1,10.039705421411186,0.4975480421430227,-19660.34555152531,3.0,1.0,0.733684773125066,-19660.34555152531,19660.782410423188,0.407764906041848,0.407764906041848,2.0,0.0,0.6258153506910179,0.6258153506910179
502,1,9.94419814010495,0.5045345853756388,-19658.852286108096,3.0,1.0,1.0,-19658.852286108096,19660.370725345503,-0.2846306557985372,-0.5036355356314743,2.0,0.0,0.6258153506910179,0.6258153506910179
503,1,9.964931727245961,0.5061055969029825,-19658.402886064232,3.0,1.0,1.0,-19658.402886064232,19658.757715318774,-0.20306578748932225,-0.20306578748932225,2.0,0.0,0.6258153506910179,0.6258153506910179
504,1,10.018338974771957,0.503870460159875,-19658.521087077388,3.0,1.0,0.8334747455143016,-19658.521087077388,19658.885001618863,0.01890889331116341,0.2779619614848343,2.0,0.0,0.6258153506910179,0.6258153506910179
505,1,9.947783368504926,0.5086422300568663,-19658.805814301493,3.0,1.0,0.9105401647389616,-19658.805814301493,19658.910141435146,0.14977815497331903,0.14977815497331903,2.0,0.0,0.6258153506910179,0.6258153506910179
506,1,9.924519837320345,0.5031337752778091,-19659.556438334403,7.0,1.0,0.7847093010883471,-19659.556438334403,19660.27597304612,0.3395409417353221,0.43935514615441207,2.0,0.0,0.6258153506910179,0.6258153506910179
507,1,9.930213216812573,0.503261809734368,-19659.357743675693,1.0,1.0,1.0,-19659.357743675693,19659.96211670501,-0.09354454557251302,-0.09354454557251302,1.0,0.0,0.6258153506910179,0.6258153506910179
508,1,9.930213216812573,0.503261809734368,-19659.357743675693,1.0,1.0,0.7225643245601634,-19659.357743675693,19660.174576390033,0.0,0.3249488324254344,1.0,0.0,0.6258153506910179,0.6258153506910179
509,1,9.930213216812573,0.503261809734368,-19659.357743675693,7.0,1.0,0.3879665491848417,-19659.357743675693,19664.75271785389,0.0,3.705143402770773,2.0,0.0,0.6258153506910179,0.6258153506910179
510,1,9.948302302060592,0.5051325467309109,-19658.72259595322,1.0,1.0,1.0,-19658.72259595322,19659.337084630493,-0.26532102967757965,-0.26532102967757965,1.0,0.0,0.6258153506910179,0.6258153506910179
511,1,9.948302302060592,0.5051325467309109,-19658.72259595322,1.0,1.0,0.303058415779349,-19658.72259595322,19660.208687736682,0.0,1.1938297007036454,1.0,0.0,0.6258153506910179,0.6258153506910179
512,1,10.033775865962586,0.5086831365208722,-19658.761779684824,7.0,1.0,0.56055332209404,-19658.761779684824,19660.475993001546,-0.017533696423924994,1.478394374888012,2.0,0.0,0.6258153506910179,0.6258153506910179
513,1,10.044496420161378,0.5025124789368227,-19659.2033787981,3.0,1.0,0.8305642671450487,-19659.2033787981,19660.003434777132,0.1615963422191271,0.27699206960824085,1.0,0.0,0.6258153506910179,0.6258153506910179
514,1,10.127355777341878,0.5005123042742907,-19663.404759023935,1.0,1.0,0.13620782617204316,-19663.404759023935,19663.756233040007,1.9935734260361642,1.9935734260361642,1.0,0.0,0.6258153506910179,0.6258153506910179
515,1,10.04199717381438,0.5066172181294746,-19658.84262119901,3.0,1.0,1.0,-19658.84262119901,19662.037427658914,-2.081601310052065,-2.081601310052065,1.0,0.0,0.6258153506910179,0.6258153506910179
516,1,10.03744665035014,0.5142149529575466,-19659.963828235566,3.0,1.0,0.7981477122582733,-19659.963828235566,19660.83709463555,0.1793145895935595,0.3427374375569343,2.0,0.0,0.6258153506910179,0.6258153506910179
517,1,10.092535324380187,0.5127242230363855,-19661.515176449622,1.0,1.0,0.40164557603825657,-19661.515176449622,19662.175769768462,0.9121852308926464,0.9121852308926464,1.0,0.0,0.6258153506910179,0.6258153506910179
518,1,9.892062866521627,0.5086310868805541,-19660.79879992624,3.0,1.0,1.0,-19660.79879992624,19661.65311924304,-0.14671058238309342,-1.2913624111752142,2.0,0.0,0.6258153506910179,0.6258153506910179
519,1,10.034364000226041,0.5080871866067425,-19658.726104443835,3.0,1.0,0.9304851121193151,-19658.726104443835,19661.269526741573,-1.024473060038872,-1.024473060038872,2.0,0.0,0.6258153506910179,0.6258153506910179
520,1,10.034364000226041,0.5080871866067425,-19658.726104443835,1.0,1.0,0.4333817368681587,-19658.726104443835,19659.943632829276,0.0,0.8361363299736695,1.0,0.0,0.6258153506910179,0.6258153506910179
521,1,9.948438194202533,0.5080438302152737,-19658.744488841032,3.0,1.0,0.4574685274860761,-19658.744488841032,19660.657526174262,0.02544460150966188,1.6410355201114726,2.0,0.0,0.6258153506910179,0.6258153506910179
522,1,10.035427472663619,0.5135818974797172,-19659.728943599457,3.0,1.0,0.8951544184046503,-19659.728943599457,19660.125741956195,0.18593580233937246,0.18593580233937246,2.0,0.0,0.6258153506910179,0.6258153506910179
523,1,10.06143961219284,0.5031396066185516,-19659.622666128835,3.0,1.0,0.7038394114139503,-19659.622666128835,19662.095363703465,0.20547715347493067,0.6032777766231447,1.0,0.0,0.6258153506910179,0.6258153506910179
524,1,10.092497998202258,0.5059349434333339,-19660.711389445096,3.0,1.0,0.6793352226701744,-19660.711389445096,19661.543431345875,0.612461180666287,0.6794389903479896,1.0,0.0,0.6258153506910179,0.6258153506910179
525,1,10.028879351237968,0.5051802600462857,-19658.588921118353,1.0,1.0,1.0,-19658.588921118353,19659.83200724482,-1.0739196706235816,-1.0739196706235816,1.0,0.0,0.6258153506910179,0.6258153506910179
526,1,10.028879351237968,0.5051802600462857,-19658.588921118353,1.0,1.0,0.08288979889891887,-19658.588921118353,19661.232999254218,0.0,2.490243277501577,1.0,0.0,0.6258153506910179,0.6258153506910179
527,1,9.954928772170874,0.5020627022795883,-19658.931580284006,3.0,1.0,0.9710225067594639,-19658.931580284006,19659.138418934865,0.06522672271603369,0.06522672271603369,2.0,0.0,0.6258153506910179,0.6258153506910179
528,1,9.927318199669976,0.5064864166943555,-19659.25490018879,3.0,1.0,0.8127008488013275,-19659.25490018879,19659.926793171722,0.2747359142922505,0.38812167192736524,1.0,0.0,0.6258153506910179,0.6258153506910179
529,1,9.968751065617843,0.5095904005024424,-19658.560944706758,3.0,1.0,0.9334581633892336,-19658.560944706758,19659.905561488187,-0.4083538303275418,-0.4083538303275418,2.0,0.0,0.6258153506910179,0.6258153506910179
530,1,9.971144439835786,0.510669951147392,-19658.697220098842,1.0,1.0,0.9822860960084061,-19658.697220098842,19658.770992225644,0.017872672928206157,0.017872672928206157,1.0,0.0,0.6258153506910179,0.6258153506910179
531,1,10.007283559164282,0.5092961492839404,-19658.451739588927,3.0,1.0,0.6431965628040304,-19658.451739588927,19662.84300085127,-0.0613723506576207,0.7894673200789839,2.0,0.0,0.6258153506910179,0.6258153506910179
532,1,10.007283559164282,0.5092961492839404,-19658.451739588927,1.0,1.0,0.15564074911189618,-19658.451739588927,19660.50297755299,0.0,1.8602048177708639,1.0,0.0,0.6258153506910179,0.6258153506910179
533,1,9.914721844535235,0.49960904199892253,-19660.613808566162,7.0,1.0,0.5490619542621998,-19660.613808566162,19661.980207477784,0.847898597126914,1.0916872463931213,2.0,0.0,0.6258153506910179,0.6258153506910179
534,1,10.06956208402064,0.5055084073916843,-19659.7213500711,3.0,1.0,1.0,-19659.7213500711,19660.576311138702,-0.16321583439639653,-0.7849820570299926,2.0,0.0,0.6258153506910179,0.6258153506910179
535,1,9.91466652141652,0.5157103616808223,-19661.4449940804,3.0,1.0,0.9081769914198276,-19661.4449940804,19661.49918602748,0.3222307655341865,-0.6355886498386099,2.0,0.0,0.6258153506910179,0.6258153506910179
536,1,9.91245955605789,0.5130390224493125,-19660.67531514983,1.0,1.0,1.0,-19660.67531514983,19662.122458913807,-0.11981690349784913,-0.11981690349784913,1.0,0.0,0.6258153506910179,0.6258153506910179
537,1,9.994068372849265,0.5108943442795991,-19658.632040262437,1.0,1.0,1.0,-19658.632040262437,19659.81050916343,-0.86958357799449,-0.86958357799449,1.0,0.0,0.6258153506910179,0.6258153506910179
538,1,10.056850838796008,0.5123903252864452,-19659.984899585143,1.0,1.0,0.5605290440254636,-19659.984899585143,19660.001841857033,0.5788742197473766,0.5788742197473766,1.0,0.0,0.6258153506910179,0.6258153506910179
539,1,9.927063447492294,0.5035191336211752,-19659.425941955815,3.0,1.0,1.0,-19659.425941955815,19660.436363646615,-0.10110290211741813,-0.11803286026770365,2.0,0.0,0.6258153506910179,0.6258153506910179
540,1,9.944685363996921,0.5072162315668385,-19658.78722540487,3.0,1.0,0.9929242453817396,-19658.78722540487,19659.607030401916,-0.2712547392875422,-0.2712547392875422,1.0,0.0,0.6258153506910179,0.6258153506910179
541,1,10.046381264129822,0.5109929928336376,-19659.380505386795,3.0,1.0,0.6758324789080264,-19659.380505386795,19661.92824618636,0.16653195031904033,0.5512221882017911,2.0,0.0,0.6258153506910179,0.6258153506910179
542,1,9.937628885625166,0.5117623086272831,-19659.53136148638,3.0,1.0,0.9908592316488339,-19659.53136148638,19660.246838154526,0.027805314704892226,-0.30805704439626425,2.0,0.0,0.6258153506910179,0.6258153506910179
543,1,10.046087500402123,0.5077629539787771,-19658.98477879081,3.0,1.0,1.0,-19658.98477879081,19659.7196254949,-0.10581365967664169,-0.29622290830957354,2.0,0.0,0.6258153506910179,0.6258153506910179
544,1,9.999265975492458,0.5041567686529783,-19658.334506107607,7.0,1.0,0.9832638855866579,-19658.334506107607,19658.89765070122,-0.3440239319388638,-0.3627471233412507,2.0,0.0,0.6258153506910179,0.6258153506910179
545,1,9.985162821089169,0.5057879522559888,-19658.24027302354,3.0,1.0,0.9304692471851738,-19658.24027302354,19658.93318003858,-0.018689499542233534,0.12572113781425287,2.0,0.0,0.6258153506910179,0.6258153506910179
546,1,10.01755551643842,0.5103400264474806,-19658.699657242392,3.0,1.0,0.823081945550424,-19658.699657242392,19659.520046010784,0.1342134247352078,0.24260769220927614,2.0,0.0,0.6258153506910179,0.6258153506910179
547,1,9.965777145609959,0.5081126239950416,-19658.450712256883,3.0,1.0,0.8722198420646264,-19658.450712256883,19659.090134007063,-0.04416857959222398,0.2526295015704818,2.0,0.0,0.6258153506910179,0.6258153506910179
548,1,10.029142081638815,0.506200453586449,-19658.565701011463,3.0,1.0,0.9309664271562598,-19658.565701011463,19658.87338596435,0.0753932109073503,0.12589615878096083,2.0,0.0,0.6258153506910179,0.6258153506910179
549,1,9.954390811446853,0.5101697126128965,-19658.85754724384,3.0,1.0,0.9523357750055893,-19658.85754724384,19659.059437012238,0.05782876072044019,0.05782876072044019,2.0,0.0,0.6258153506910179,0.6258153506910179
550,1,10.0294662109508,0.5134431881950882,-19659.570298505187,3.0,1.0,0.9371041141128837,-19659.570298505187,19660.073294588514,0.1360080622980604,-0.16496667910541873,2.0,0.0,0.6258153506910179,0.6258153506910179
551,1,10.022238114722013,0.5158654073424342,-19660.252132619386,1.0,1.0,0.912403598779992,-19660.252132619386,19660.46292592461,0.09167284427894629,0.09167284427894629,1.0,0.0,0.6258153506910179,0.6258153506910179
552,1,9.961538958520265,0.508521211070142,-19658.541608356325,3.0,1.0,0.9733069867557568,-19658.541608356325,19660.454118020516,-0.32361033084089286,-0.32361033084089286,2.0,0.0,0.6258153506910179,0.6258153506910179
553,1,10.021892472281026,0.5036028445151146,-19658.59884142061,3.0,1.0,0.6882291858015432,-19658.59884142061,19659.38221571915,0.005151257908437401,0.6384642291777709,2.0,0.0,0.6258153506910179,0.6258153506910179
554,1,10.063467629994152,0.503327416325362,-19659.669271236133,1.0,1.0,0.5904424096829595,-19659.669271236133,19659.802181216965,0.5268831761568435,0.5268831761568435,1.0,0.0,0.6258153506910179,0.6258153506910179
555,1,10.063966150453815,0.5017791579069267,-19659.923722009356,3.0,1.0,0.9825251735630086,-19659.923722009356,19660.55726370976,0.053848639989155345,0.053848639989155345,2.0,0.0,0.6258153506910179,0.6258153506910179
556,1,10.000209228884772,0.502625888938839,-19658.520999035678,1.0,1.0,1.0,-19658.520999035678,19659.295500708115,-0.6584753193856159,-0.6584753193856159,1.0,0.0,0.6258153506910179,0.6258153506910179
557,1,9.911676352206555,0.5124608876208101,-19660.558868312448,3.0,1.0,0.5845249665113463,-19660.558868312448,19660.848231849348,0.8737310595752206,0.8737310595752206,2.0,0.0,0.6258153506910179,0.6258153506910179
558,1,10.072080525104429,0.49986448967137237,-19660.652290199916,3.0,1.0,0.9964624438722606,-19660.652290199916,19661.449549647146,0.010669384377251845,-0.49663308413437335,2.0,0.0,0.6258153506910179,0.6258153506910179
559,1,10.079374208263792,0.5000260421763555,-19660.910390445308,1.0,1.0,0.8668025075172233,-19660.910390445308,19661.879518784117,0.14294411648006644,0.14294411648006644,1.0,0.0,0.6258153506910179,0.6258153506910179
560,1,9.903927745745609,0.5059644792314462,-19660.14515905356,3.0,1.0,0.9906102993265521,-19660.14515905356,19661.84680598338,-0.12174314626099658,-0.12174314626099658,2.0,0.0,0.6258153506910179,0.6258153506910179
561,1,10.086719390095308,0.5091980577725934,-19660.590258569653,3.0,1.0,0.8571689288305566,-19660.590258569653,19661.95011283371,0.16164962522816495,0.21566838406215538,2.0,0.0,0.6258153506910179,0.6258153506910179
562,1,9.996616986503238,0.5025996614595765,-19658.513281283886,3.0,1.0,0.9479966628618876,-19658.513281283886,19660.31897277699,-1.0796310148070916,-1.0796310148070916,1.0,0.0,0.6258153506910179,0.6258153506910179
563,1,9.98702635746436,0.5052169702365794,-19658.25494083798,3.0,1.0,0.9977499672899794,-19658.25494083798,19658.538402715934,-0.04901921831697109,-0.05139606475859182,2.0,0.0,0.6258153506910179,0.6258153506910179
564,1,9.996072096908556,0.49936664925331226,-19659.20958237725,3.0,1.0,0.48673530883615856,-19659.20958237725,19660.42945727807,0.17984007957056747,1.247480543966958,2.0,0.0,0.6258153506910179,0.6258153506910179
565,1,10.119361796957659,0.503820188876552,-19662.334802747708,3.0,1.0,0.4356557487097365,-19662.334802747708,19663.11294462712,1.832783781337639,1.9173253203080094,2.0,0.0,0.6258153506910179,0.6258153506910179
566,1,9.865697096587684,0.5030929388538223,-19662.399660178467,3.0,1.0,0.9990056867373472,-19662.399660178467,19663.149751287903,0.002987397620017873,-1.4306318048656976,2.0,0.0,0.6258153506910179,0.6258153506910179
567,1,9.930005852927819,0.5136092072222439,-19660.217680242902,3.0,1.0,0.8906188236011395,-19660.217680242902,19663.179458020582,-1.3318621306389105,-1.4396709071224905,2.0,0.0,0.6258153506910179,0.6258153506910179
568,1,10.048080349003078,0.4989853288341101,-19660.09342646845,7.0,1.0,1.0,-19660.09342646845,19660.588863492063,-0.07943714196517249,-0.2753717243867868,2.0,0.0,0.6258153506910179,0.6258153506910179
569,1,10.116431428004343,0.5038334913457738,-19662.153292365136,3.0,1.0,0.492146089790279,-19662.153292365136,19663.440698934995,1.3391187353990972,1.540090299644362,1.0,0.0,0.6258153506910179,0.6258153506910179
570,1,9.867138654053582,0.5160335157075725,-19663.96193019309,7.0,1.0,0.5298248229906323,-19663.96193019309,19666.69202922904,0.4176015159173403,1.148526206965471,2.0,0.0,0.6258153506910179,0.6258153506910179
571,1,9.941818706339578,0.49754605667716595,-19660.40137011339,7.0,1.0,1.0,-19660.40137011339,19662.602865089215,-1.6685018432835932,-1.8663697661177139,2.0,0.0,0.6258153506910179,0.6258153506910179
572,1,9.953944310929552,0.5004101228768978,-19659.289559448116,1.0,1.0,1.0,-19659.289559448116,19660.29160630169,-0.2921473870592308,-0.2921473870592308,1.0,0.0,0.6258153506910179,0.6258153506910179
573,1,9.974965344585861,0.5021890380455536,-19658.64335204605,1.0,1.0,1.0,-19658.64335204605,19659.12002525479,-0.21040077411089442,-0.21040077411089442,1.0,0.0,0.6258153506910179,0.6258153506910179
574,1,10.008629377046553,0.509761715823899,-19658.521164992533,3.0,1.0,0.8231430143237675,-19658.521164992533,19659.087208076435,-0.024651801308209542,0.35164004171747365,2.0,0.0,0.6258153506910179,0.6258153506910179
575,1,10.008629377046553,0.509761715823899,-19658.521164992533,1.0,1.0,0.22672270683403614,-19658.521164992533,19660.06000237017,0.0,1.4840275640053733,1.0,0.0,0.6258153506910179,0.6258153506910179
576,1,10.008629377046553,0.509761715823899,-19658.521164992533,1.0,1.0,0.3879867062981439,-19658.521164992533,19659.802559581127,0.0,0.9467842020640092,1.0,0.0,0.6258153506910179,0.6258153506910179
577,1,10.000892403677081,0.5071559989574643,-19658.254733586175,3.0,1.0,1.0,-19658.254733586175,19658.511396977814,-0.06582868750774651,-0.06582868750774651,2.0,0.0,0.6258153506910179,0.6258153506910179
578,1,9.982703709608828,0.5040361468215584,-19658.35247689418,7.0,1.0,0.8368459959892076,-19658.35247689418,19658.678097995202,0.01925533380563138,0.3285912113242375,2.0,0.0,0.6258153506910179,0.6258153506910179
579,1,9.944440952248902,0.5029297705637472,-19659.01624026416,3.0,1.0,0.842557601708597,-19659.01624026416,19659.027189157194,0.29102714989858214,0.29102714989858214,2.0,0.0,0.6258153506910179,0.6258153506910179
580,1,9.944440952248902,0.5029297705637472,-19659.01624026416,3.0,1.0,0.3944512077156261,-19659.01624026416,19661.977369769473,0.0,2.45638176508146,1.0,0.0,0.6258153506910179,0.6258153506910179
581,1,10.039450179736399,0.5051225318456717,-19658.811773049503,3.0,1.0,1.0,-19658.811773049503,19659.050626344913,-0.03736811958515318,-0.30330936515383655,2.0,0.0,0.6258153506910179,0.6258153506910179
582,1,10.00163612642857,0.5087479964586288,-19658.358565913957,3.0,1.0,0.9900876022905964,-19658.358565913957,19658.71098330762,-0.25196228488130146,-0.2631147606589366,2.0,0.0,0.6258153506910179,0.6258153506910179
583,1,9.982070612200364,0.5053374215136714,-19658.267495635835,7.0,1.0,1.0,-19658.267495635835,19658.348827922655,-0.017314593816990964,-0.029661788168596104,2.0,0.0,0.6258153506910179,0.6258153506910179
584,1,10.00162504265079,0.5071537176747297,-19658.25806683601,3.0,1.0,0.9300205149853986,-19658.25806683601,19658.395318776104,-0.002008427181863226,0.1131173292051244,2.0,0.0,0.6258153506910179,0.6258153506910179
585,1,9.982081066448938,0.5054811897588691,-19658.261885265867,3.0,1.0,0.9467117886897802,-19658.261885265867,19658.362726281437,0.0008702411832928192,0.08472574745246675,2.0,0.0,0.6258153506910179,0.6258153506910179
586,1,9.972664015146865,0.5105549951022915,-19658.662732744546,3.0,1.0,0.8515392233342229,-19658.662732744546,19659.429945061216,0.09695636107062455,0.23666833294191747,2.0,0.0,0.6258153506910179,0.6258153506910179
587,1,9.959977214580986,0.5048580727588798,-19658.519589527055,3.0,1.0,0.9229261829848848,-19658.519589527055,19659.255759641408,0.02212718467490049,0.15076691509239026,1.0,0.0,0.6258153506910179,0.6258153506910179
588,1,9.94458459879587,0.5076782827965132,-19658.809408799218,3.0,1.0,0.8947817021286489,-19658.809408799218,19659.0763399516,0.1478566058940487,0.16752143771736883,1.0,0.0,0.6258153506910179,0.6258153506910179
589,1,10.055983769550494,0.5076307638639739,-19659.26537718357,3.0,1.0,0.8110030227858566,-19659.26537718357,19660.074530197282,0.22574798210189329,0.327185120084323,2.0,0.0,0.6258153506910179,0.6258153506910179
590,1,10.083232399577875,0.5012575906377918,-19660.79673898266,3.0,1.0,0.5792402550456066,-19660.79673898266,19662.352062293183,0.615876807798486,0.6934996109484928,2.0,0.0,0.6258153506910179,0.6258153506910179
591,1,9.901106917684393,0.5084077368195146,-19660.350097882907,7.0,1.0,1.0,-19660.350097882907,19660.80065465587,-0.09108650448251865,-1.042593494803441,2.0,0.0,0.6258153506910179,0.6258153506910179
592,1,9.887745478611485,0.5076721651034121,-19660.95014913238,3.0,1.0,0.8296853638109271,-19660.95014913238,19662.001021166405,0.31147935556509765,0.31147935556509765,2.0,0.0,0.6258153506910179,0.6258153506910179
593,1,10.127093578583596,0.5013220506115829,-19663.210532964884,3.0,1.0,0.5303992289755334,-19663.210532964884,19665.064116493435,0.9537779763923027,1.0693374850379769,2.0,0.0,0.6258153506910179,0.6258153506910179
594,1,10.041708815795781,0.5063441718365395,-19658.834404447476,3.0,1.0,1.0,-19658.834404447476,19661.735599082847,-2.042986769713025,-2.042986769713025,2.0,0.0,0.6258153506910179,0.6258153506910179
595,1,9.939957286803178,0.5090024664769852,-19659.027389252424,3.0,1.0,0.33133284855017064,-19659.027389252424,19662.553551304503,0.08906088089133846,3.2618630744073016,2.0,0.0,0.6258153506910179,0.6258153506910179
596,1,10.004678039497707,0.5089108351917401,-19658.391526412117,3.0,1.0,1.0,-19658.391526412117,19658.75564233374,-0.3144328384005348,-0.334566329504014,2.0,0.0,0.6258153506910179,0.6258153506910179
597,1,9.966461930041413,0.5095228128513095,-19658.579806702826,3.0,1.0,0.9651102601419046,-19658.579806702826,19658.609336854257,0.07255258200893877,0.07255258200893877,2.0,0.0,0.6258153506910179,0.6258153506910179
598,1,9.941280482831804,0.512970348962405,-19659.72610629069,3.0,1.0,0.8134666110500198,-19659.72610629069,19659.828206890852,0.3634079973271582,0.3634079973271582,2.0,0.0,0.6258153506910179,0.6258153506910179
599,1,9.931755056062443,0.5008898112525475,-19659.719061163636,3.0,1.0,0.7418376491707196,-19659.719061163636,19662.667725343865,0.0783098118045018,0.6666575701819966,1.0,0.0,0.6258153506910179,0.6258153506910179
600,1,9.980515491271078,0.5042546681755863,-19658.344037522613,3.0,1.0,1.0,-19658.344037522613,19659.250863020283,-0.5265773563114635,-0.5265773563114635,2.0,0.0,0.6258153506910179,0.6258153506910179
601,1,9.96719358884593,0.5026835427200432,-19658.6452309297,1.0,1.0,0.9105518466927899,-19658.6452309297,19658.661637736204,0.09370443833540776,0.09370443833540776,1.0,0.0,0.6258153506910179,0.6258153506910179
602,1,9.96719358884593,0.5026835427200432,-19658.6452309297,1.0,1.0,0.44240203358877855,-19658.6452309297,19659.672784727776,0.0,0.8155362320649147,1.0,0.0,0.6258153506910179,0.6258153506910179
603,1,9.96719358884593,0.5026835427200432,-19658.6452309297,1.0,1.0,0.4631804423404828,-19658.6452309297,19659.584008639467,0.0,0.7696385765411833,1.0,0.0,0.6258153506910179,0.6258153506910179
604,1,10.003653753382133,0.5069205061083477,-19658.26270853334,3.0,1.0,0.9930712296372142,-19658.26270853334,19658.766074452862,-0.1084388347917411,-0.1084388347917411,2.0,0.0,0.6258153506910179,0.6258153506910179
605,1,10.02494005901577,0.5067620111783218,-19658.495255538375,1.0,1.0,0.8893821639704793,-19658.495255538375,19658.514935310868,0.11722825510878465,0.11722825510878465,1.0,0.0,0.6258153506910179,0.6258153506910179
606,1,10.060694110461464,0.5010891495266677,-19659.94706461913,3.0,1.0,0.5497160283748637,-19659.94706461913,19661.843268561912,0.5547689358973003,0.7508409793117607,2.0,0.0,0.6258153506910179,0.6258153506910179
607,1,9.982306234246705,0.5083064455998575,-19658.319362150865,3.0,1.0,1.0,-19658.319362150865,19660.034137405524,-0.6633093772106804,-0.6633093772106804,2.0,0.0,0.6258153506910179,0.6258153506910179
608,1,9.992960241080468,0.49578523100150185,-19660.466313860183,3.0,1.0,0.5610734231394587,-19660.466313860183,19662.381128709414,0.40060607113991864,0.7495808098719863,1.0,0.0,0.6258153506910179,0.6258153506910179
609,1,9.987937330548924,0.5127570234783163,-19659.040909312127,3.0,1.0,0.38630934337669065,-19659.040909312127,19663.247107569503,-0.26810848916647956,2.736221400580689,2.0,0.0,0.6258153506910179,0.6258153506910179
610,1,9.994296382134552,0.5065021799094409,-19658.224154723055,3.0,1.0,0.5144825806801626,-19658.224154723055,19660.290850415393,-0.15656609837242286,1.309547958408075,2.0,0.0,0.6258153506910179,0.6258153506910179
611,1,9.988436156249973,0.5034963160255465,-19658.39109499876,3.0,1.0,0.45014778730044247,-19658.39109499876,19660.042274702846,0.03309174964306294,1.6713833822323068,2.0,0.0,0.6258153506910179,0.6258153506910179
612,1,9.995260266516139,0.5166476587927832,-19660.33705128713,7.0,1.0,0.8052650601721528,-19660.33705128713,19660.341781602434,0.3693017194746062,0.3693017194746062,2.0,0.0,0.6258153506910179,0.6258153506910179
613,1,9.987893985271729,0.5072589971741398,-19658.241786596558,3.0,1.0,0.8762798046613723,-19658.241786596558,19660.556453668047,-0.39699791343082325,-0.39699791343082325,2.0,0.0,0.6258153506910179,0.6258153506910179
614,1,9.94953673185732,0.5059164442445727,-19658.66964251066,3.0,1.0,0.866616032108178,-19658.66964251066,19658.70738476339,0.2166764303765376,0.22408884969627252,1.0,0.0,0.6258153506910179,0.6258153506910179
615,1,10.034258871402793,0.5129723847558244,-19659.535874716887,3.0,1.0,0.8549666263661838,-19659.535874716887,19659.866925782928,0.16224200548094814,0.1804874650988495,2.0,0.0,0.6258153506910179,0.6258153506910179
616,1,9.949580931843256,0.49926476631436595,-19659.67578723803,3.0,1.0,0.9915660413024551,-19659.67578723803,19660.09887083221,0.02562747243064223,-0.38379782148695085,2.0,0.0,0.6258153506910179,0.6258153506910179
617,1,9.994865385541742,0.49963584627561886,-19659.13337563221,3.0,1.0,1.0,-19659.13337563221,19659.58124435301,-0.23863565225110506,-0.39425812792615034,2.0,0.0,0.6258153506910179,0.6258153506910179
618,1,10.006808748436267,0.4986707245840313,-19659.465345760695,1.0,1.0,0.9235958054454757,-19659.465345760695,19659.56772612945,0.07948074303931207,0.07948074303931207,1.0,0.0,0.6258153506910179,0.6258153506910179
619,1,9.976401881950975,0.5153193463576057,-19659.882171579586,3.0,1.0,0.8025736362877364,-19659.882171579586,19660.801580009145,0.08136842840031022,0.5079953138920246,2.0,0.0,0.6258153506910179,0.6258153506910179
620,1,10.006925211956448,0.5094291508754376,-19658.464937275272,3.0,1.0,0.9096594388709106,-19658.464937275272,19660.35456893598,-0.27076361509170965,0.316111291431298,2.0,0.0,0.6258153506910179,0.6258153506910179
621,1,10.01829623707936,0.504983913241509,-19658.43368468283,3.0,1.0,0.9589328742195559,-19658.43368468283,19658.75302816829,0.030217130537494086,0.09809389318616013,2.0,0.0,0.6258153506910179,0.6258153506910179
622,1,9.965437057350288,0.5157294853154294,-19660.14602826427,3.0,1.0,0.7158664812930767,-19660.14602826427,19660.385929667427,0.3260908260708675,0.3868341660090664,2.0,0.0,0.6258153506910179,0.6258153506910179
623,1,10.017847582140895,0.4933413223726158,-19661.788083811552,3.0,1.0,0.5448648388187979,-19661.788083811552,19663.404374859845,0.3050333979226707,1.1581745354014856,2.0,0.0,0.6258153506910179,0.6258153506910179
624,1,9.96562667349371,0.5127124203831149,-19659.19586813521,3.0,1.0,0.9084142124459209,-19659.19586813521,19662.10275884806,-0.48789318686249317,-0.48789318686249317,2.0,0.0,0.6258153506910179,0.6258153506910179
625,1,9.986896203282027,0.5141766777756261,-19659.44618912029,1.0,1.0,1.0,-19659.44618912029,19659.590394022347,-0.0031825487640162464,-0.0031825487640162464,1.0,0.0,0.6258153506910179,0.6258153506910179
626,1,9.996699929772456,0.5049249010157192,-19658.270316074693,3.0,1.0,1.0,-19658.270316074693,19659.27001274108,-0.22328563657720224,-0.22328563657720224,2.0,0.0,0.6258153506910179,0.6258153506910179
627,1,9.986775303431301,0.49749498458302044,-19659.806332816624,3.0,1.0,0.7453442034477057,-19659.806332816624,19660.110374307933,0.2918008542910684,0.3467976749743684,2.0,0.0,0.6258153506910179,0.6258153506910179
628,1,9.986775303431301,0.49749498458302044,-19659.806332816624,1.0,1.0,0.7041570758215833,-19659.806332816624,19660.663645284898,0.0,0.35075382864670246,1.0,0.0,0.6258153506910179,0.6258153506910179
629,1,9.944939503741184,0.5159746046470952,-19660.61160814022,7.0,1.0,0.9281485406391854,-19660.61160814022,19660.61793248607,0.31899834725118126,0.31899834725118126,2.0,0.0,0.6258153506910179,0.6258153506910179
630,1,9.94364830269771,0.5150907349362387,-19660.31796533307,3.0,1.0,1.0,-19660.31796533307,19661.052424801946,-0.046349713957170025,-0.34991211580563686,2.0,0.0,0.6258153506910179,0.6258153506910179
631,1,9.94364830269771,0.5150907349362387,-19660.31796533307,1.0,1.0,0.049655199686481896,-19660.31796533307,19664.643421119275,0.0,3.0026521671570663,1.0,0.0,0.6258153506910179,0.6258153506910179
632,1,9.95304751023413,0.49780948249848217,-19660.062475042727,7.0,1.0,1.0,-19660.062475042727,19660.435366105852,-0.11104147784135421,-0.39470267145952675,2.0,0.0,0.6258153506910179,0.6258153506910179
633,1,10.028419556459083,0.5168931605861694,-19660.765656359425,3.0,1.0,0.38292968477850736,-19660.765656359425,19663.74405455944,0.10333625473867869,2.4255487534828717,2.0,0.0,0.6258153506910179,0.6258153506910179
634,1,10.01505798768237,0.5170595858021686,-19660.639740367453,1.0,1.0,1.0,-19660.639740367453,19661.20281719258,-0.0849868808145402,-0.0849868808145402,1.0,0.0,0.6258153506910179,0.6258153506910179
635,1,10.01505798768237,0.5170595858021686,-19660.639740367453,1.0,1.0,0.5027304961122261,-19660.639740367453,19661.79578706389,0.0,0.6877010454882111,1.0,0.0,0.6258153506910179,0.6258153506910179
636,1,9.976527784731589,0.5145882171471032,-19659.630095844972,3.0,1.0,1.0,-19659.630095844972,19660.520423502076,-0.21441538964791107,-0.43231458336958895,2.0,0.0,0.6258153506910179,0.6258153506910179
637,1,9.97328028127084,0.513465256678098,-19659.31334313221,1.0,1.0,1.0,-19659.31334313221,19659.725730340433,-0.05168635260997689,-0.05168635260997689,1.0,0.0,0.6258153506910179,0.6258153506910179
638,1,9.95494037000781,0.5143876503675026,-19659.84416498624,1.0,1.0,0.8366387349345924,-19659.84416498624,19660.004572334863,0.1783629206220212,0.1783629206220212,1.0,0.0,0.6258153506910179,0.6258153506910179
639,1,10.028923399170159,0.5098402733200563,-19658.80106807384,3.0,1.0,1.0,-19658.80106807384,19660.13277266496,-0.19722424339488498,-0.40603769325389294,2.0,0.0,0.6258153506910179,0.6258153506910179
640,1,9.954940156967385,0.5104502344111909,-19658.891597585836,3.0,1.0,0.9944408999799568,-19658.891597585836,19659.286381054324,0.016817931995319668,-0.14005356853522244,2.0,0.0,0.6258153506910179,0.6258153506910179
641,1,10.028915425840715,0.5066691398844851,-19658.56263857036,3.0,1.0,1.0,-19658.56263857036,19658.912705152004,-0.06201966205480858,-0.1644078877325228,2.0,0.0,0.6258153506910179,0.6258153506910179
642,1,10.093446686800661,0.5037136876091854,-19660.896396075383,3.0,1.0,0.5019556458408502,-19660.896396075383,19661.4815363831,1.128378757261089,1.163965744766756,2.0,0.0,0.6258153506910179,0.6258153506910179
643,1,10.026666183564153,0.5047408901628877,-19658.574683845363,3.0,1.0,0.9255389875481516,-19658.574683845363,19661.3994711745,-1.1383296285748656,-1.1383296285748656,2.0,0.0,0.6258153506910179,0.6258153506910179
644,1,9.956899055666602,0.5025505544977925,-19658.817101618635,3.0,1.0,0.7445232807319929,-19658.817101618635,19659.483938575162,0.05051969589112559,0.47202086929246434,2.0,0.0,0.6258153506910179,0.6258153506910179
645,1,9.886623310882035,0.5014062570270412,-19661.468587601074,1.0,1.0,0.2855866002826041,-19661.468587601074,19661.628133438895,1.253209967395378,1.253209967395378,1.0,0.0,0.6258153506910179,0.6258153506910179
646,1,10.014057132394239,0.4968809189603212,-19660.147658462232,3.0,1.0,0.9679283638764034,-19660.147658462232,19661.553489021495,-1.062982542312966,-1.3487778216185689,2.0,0.0,0.6258153506910179,0.6258153506910179
647,1,10.001717861642303,0.4946248402448591,-19661.008797903527,1.0,1.0,0.8753331947512715,-19661.008797903527,19661.19789275059,0.13315067110670498,0.13315067110670498,1.0,0.0,0.6258153506910179,0.6258153506910179
648,1,9.940073911965902,0.49088856030376965,-19663.683860110952,1.0,1.0,0.49410127788522323,-19663.683860110952,19663.817479389723,0.7050147668451245,0.7050147668451245,1.0,0.0,0.6258153506910179,0.6258153506910179
649,1,10.04292509239156,0.5073627568035557,-19658.88397901899,3.0,1.0,0.9874063921411608,-19658.88397901899,19663.6381463121,-0.9241590762976557,-0.9241590762976557,2.0,0.0,0.6258153506910179,0.6258153506910179
650,1,10.080687582184614,0.5073843072859598,-19660.180277542404,1.0,1.0,0.5214269525251791,-19660.180277542404,19660.507819784896,0.6511860862119647,0.6511860862119647,1.0,0.0,0.6258153506910179,0.6258153506910179
651,1,10.080687582184614,0.5073843072859598,-19660.180277542404,1.0,1.0,0.29682038545023265,-19660.180277542404,19662.510856168403,0.0,1.214628085916047,1.0,0.0,0.6258153506910179,0.6258153506910179
652,1,10.10740574358502,0.5076740802997467,-19661.528416554334,3.0,1.0,0.6112858926923116,-19661.528416554334,19662.956732776238,0.675148489062849,0.7832880154528539,2.0,0.0,0.6258153506910179,0.6258153506910179
653,1,10.012767589412983,0.5012706852142964,-19658.851831433916,3.0,1.0,0.9422701056288117,-19658.851831433916,19661.00972463106,-1.4958826915826648,-1.5063930192336557,1.0,0.0,0.6258153506910179,0.6258153506910179
654,1,9.970699700246197,0.5077534926459053,-19658.370818362862,3.0,1.0,0.9766034941514583,-19658.370818362862,19658.91326039335,-0.09000977324467385,-0.09000977324467385,2.0,0.0,0.6258153506910179,0.6258153506910179
655,1,10.000320914896736,0.4990157920710782,-19659.32378905687,3.0,1.0,0.7754202077977904,-19659.32378905687,19660.30974208676,0.15215335742323077,0.3629935168828524,1.0,0.0,0.6258153506910179,0.6258153506910179
656,1,9.982937520182784,0.5056688819062032,-19658.25192223832,3.0,1.0,0.898834137382451,-19658.25192223832,19659.508888173266,-0.20243988751826691,0.2328905564681918,2.0,0.0,0.6258153506910179,0.6258153506910179
657,1,9.985953834600721,0.5072988656203097,-19658.247939843925,3.0,1.0,0.9960638295734108,-19658.247939843925,19658.3008737765,-0.004154876907705329,0.006988846180320252,1.0,0.0,0.6258153506910179,0.6258153506910179
658,1,9.985953834600721,0.5072988656203097,-19658.247939843925,3.0,1.0,0.7007366621148404,-19658.247939843925,19660.461151659314,0.0,0.4797626437211875,2.0,0.0,0.6258153506910179,0.6258153506910179
659,1,9.997433132822245,0.50742267995776,-19658.25197742577,3.0,1.0,0.6705989804527938,-19658.25197742577,19658.961946369905,-0.0002902320266002789,0.6896127598192834,2.0,0.0,0.6258153506910179,0.6258153506910179
660,1,9.975296464790617,0.5028228172500856,-19658.542499171497,3.0,1.0,0.9024996464751188,-19658.542499171497,19658.973998338326,0.07364506816520588,0.14338218303964823,2.0,0.0,0.6258153506910179,0.6258153506910179
661,1,9.976174764021843,0.5113562847287706,-19658.779345436476,3.0,1.0,0.8532017709155522,-19658.779345436476,19659.97604736737,0.0429505695028638,0.3113666860554076,1.0,0.0,0.6258153506910179,0.6258153506910179
662,1,10.02402083225087,0.5000136789623219,-19659.287429465097,3.0,1.0,0.7076692664432862,-19659.287429465097,19661.417736090807,0.15634083434997592,0.5999777104552777,1.0,0.0,0.6258153506910179,0.6258153506910179
663,1,10.033268628373909,0.5116536793056161,-19659.202125110412,3.0,1.0,0.9813180759987633,-19659.202125110412,19659.5579700134,0.03571329288024572,-0.14986177245737053,2.0,0.0,0.6258153506910179,0.6258153506910179
664,1,10.033268628373909,0.5116536793056161,-19659.202125110412,3.0,1.0,0.8283338424999455,-19659.202125110412,19659.800400740656,0.0,0.3517947142281628,1.0,0.0,0.6258153506910179,0.6258153506910179
665,1,10.038048560544443,0.504319283592225,-19658.832679689025,3.0,1.0,0.9069274285954272,-19658.832679689025,19660.176245231054,-0.03796489981687046,0.17268358337241807,1.0,0.0,0.6258153506910179,0.6258153506910179
666,1,9.95566736514432,0.5155090728283195,-19660.215942613097,3.0,1.0,0.7471438671048606,-19660.215942613097,19662.05275433725,0.20155907753360225,0.6675348610297078,2.0,0.0,0.6258153506910179,0.6258153506910179
667,1,9.950593639676681,0.5136165564063838,-19659.69294095021,1.0,1.0,1.0,-19659.69294095021,19660.422017387584,-0.0692757147080556,-0.0692757147080556,1.0,0.0,0.6258153506910179,0.6258153506910179
668,1,9.984851294179395,0.5115759907431716,-19658.775483535657,1.0,1.0,1.0,-19658.775483535657,19659.41156233304,-0.30035986808434245,-0.30035986808434245,1.0,0.0,0.6258153506910179,0.6258153506910179
669,1,9.984851294179395,0.5115759907431716,-19658.775483535657,1.0,1.0,0.18155322388727133,-19658.775483535657,19660.99519009164,0.0,1.7062064237070445,1.0,0.0,0.6258153506910179,0.6258153506910179
670,1,9.998649692463946,0.4937430287529347,-19661.426290915017,3.0,1.0,0.5722360908817294,-19661.426290915017,19661.974051450903,0.5022374954824045,0.7011860000093293,2.0,0.0,0.6258153506910179,0.6258153506910179
671,1,9.98485200236655,0.4987430512010517,-19659.399783408862,3.0,1.0,0.8779808503714633,-19659.399783408862,19662.99866043957,-0.3845681961684022,-0.5552717452410434,2.0,0.0,0.6258153506910179,0.6258153506910179
672,1,9.947523232191854,0.5036553762236857,-19658.856649426827,3.0,1.0,0.9285638070795778,-19658.856649426827,19659.793363166133,0.04305632853356656,0.18894264301343355,2.0,0.0,0.6258153506910179,0.6258153506910179
673,1,10.03627039220167,0.5005672804600658,-19659.383529865278,3.0,1.0,0.9680837331440136,-19659.383529865278,19659.68287538794,0.10064808171227924,-0.25313209257728886,2.0,0.0,0.6258153506910179,0.6258153506910179
674,1,10.05338678951722,0.5100469832886936,-19659.423282451542,3.0,1.0,0.8776294982389473,-19659.423282451542,19660.22944824362,0.14627981134617585,0.26269999433134217,2.0,0.0,0.6258153506910179,0.6258153506910179
675,1,9.930286002450048,0.5089717678790201,-19659.296625754185,3.0,1.0,1.0,-19659.296625754185,19659.89531169712,-0.01981608197456808,-0.2215163355213008,2.0,0.0,0.6258153506910179,0.6258153506910179
676,1,9.992245905774768,0.505254554469563,-19658.24755213266,3.0,1.0,1.0,-19658.24755213266,19658.94459108227,-0.4888009167734708,-0.4888009167734708,2.0,0.0,0.6258153506910179,0.6258153506910179
677,1,9.886555136826297,0.5084333998256372,-19661.0634863892,3.0,1.0,0.4925640380297382,-19661.0634863892,19661.113230357987,1.3823781047976809,1.3915239223788376,2.0,0.0,0.6258153506910179,0.6258153506910179
678,1,9.942344439075857,0.5070969258165493,-19658.839629494185,1.0,1.0,1.0,-19658.839629494185,19660.287968015782,-1.079079098344664,-1.079079098344664,1.0,0.0,0.6258153506910179,0.6258153506910179
679,1,9.963372121156574,0.5048529040844633,-19658.469186187875,3.0,1.0,0.9937196411249833,-19658.469186187875,19658.845641464115,-0.1952828213943576,-0.1952828213943576,1.0,0.0,0.6258153506910179,0.6258153506910179
680,1,9.980686046981713,0.5121929197630584,-19658.930204536195,3.0,1.0,0.8655999059040574,-19658.930204536195,19659.724825997102,0.03526281081212801,0.2812858441211574,2.0,0.0,0.6258153506910179,0.6258153506910179
681,1,9.916218102841741,0.514989868448479,-19661.12704466648,1.0,1.0,0.42991600230998855,-19661.12704466648,19661.147220401435,0.8441654328416917,0.8441654328416917,1.0,0.0,0.6258153506910179,0.6258153506910179
682,1,10.068061535644853,0.5052612352361775,-19659.6745668437,3.0,1.0,1.0,-19659.6745668437,19661.009836173896,-0.27188460231627687,-0.7152843952972034,2.0,0.0,0.6258153506910179,0.6258153506910179
683,1,10.0540649601108,0.4992990033993639,-19660.176696811064,3.0,1.0,0.9235371514985632,-19660.176696811064,19661.17411440143,-0.053147874557907926,0.2605709825147642,1.0,0.0,0.6258153506910179,0.6258153506910179
684,1,9.996951095099526,0.508650940060497,-19658.332318993966,3.0,1.0,0.9457217663942972,-19658.332318993966,19660.706345272552,-0.6439451332844328,-0.6439451332844328,1.0,0.0,0.6258153506910179,0.6258153506910179
685,1,9.986223762911324,0.5045393448655662,-19658.297614877374,3.0,1.0,0.5797784829280639,-19658.297614877374,19659.36590764735,-0.005072923977422761,1.0002906011832238,2.0,0.0,0.6258153506910179,0.6258153506910179
686,1,9.94817553404987,0.504224548382418,-19658.78696841602,1.0,1.0,0.7897736304615642,-19658.78696841602,19658.797259127143,0.23600891830210458,0.23600891830210458,1.0,0.0,0.6258153506910179,0.6258153506910179
687,1,9.938115163593652,0.49275013716256094,-19662.65086540797,3.0,1.0,0.4728942674874343,-19662.65086540797,19663.930996298128,0.8078047059061646,0.9206359627933125,1.0,0.0,0.6258153506910179,0.6258153506910179
688,1,10.045401243804738,0.5119767160751622,-19659.555596934977,3.0,1.0,1.0,-19659.555596934977,19662.468964363754,-0.5920797805665643,-0.594843749073334,2.0,0.0,0.6258153506910179,0.6258153506910179
689,1,9.938360421829717,0.5144754197583012,-19660.244278167214,3.0,1.0,0.9143119236583256,-19660.244278167214,19661.346521659518,0.13224069400166627,-0.3218530360136356,2.0,0.0,0.6258153506910179,0.6258153506910179
690,1,9.965887581135263,0.513757095196394,-19659.479356239368,1.0,1.0,1.0,-19659.479356239368,19660.16073418615,-0.31192321329945116,-0.31192321329945116,1.0,0.0,0.6258153506910179,0.6258153506910179
691,1,9.957938906027078,0.5161663717018186,-19660.425545926424,1.0,1.0,0.8058852379075278,-19660.425545926424,19660.55334246826,0.2158139313432912,0.2158139313432912,1.0,0.0,0.6258153506910179,0.6258153506910179
692,1,10.012099799636296,0.5147516097656043,-19659.727371616118,1.0,1.0,1.0,-19659.727371616118,19660.42661376444,-0.18959060977067566,-0.18959060977067566,1.0,0.0,0.6258153506910179,0.6258153506910179
693,1,9.934156677467534,0.507576183354591,-19659.075919419185,3.0,1.0,0.8458624630494879,-19659.075919419185,19660.66355000601,0.10056731563236099,0.45686921820015414,2.0,0.0,0.6258153506910179,0.6258153506910179
694,1,9.959931030259328,0.5086823197441259,-19658.580739145873,1.0,1.0,1.0,-19658.580739145873,19658.99454282171,-0.2699133291025646,-0.2699133291025646,1.0,0.0,0.6258153506910179,0.6258153506910179
695,1,9.942844468988296,0.50777138647972,-19658.855993231715,3.0,1.0,0.9031197649396905,-19658.855993231715,19659.035427040482,0.1575715410617704,0.1575715410617704,2.0,0.0,0.6258153506910179,0.6258153506910179
696,1,9.96404572541987,0.5064748626292213,-19658.413625281406,3.0,1.0,0.9921455716440057,-19658.413625281406,19658.912454047648,-0.2080586796546413,-0.2080586796546413,2.0,0.0,0.6258153506910179,0.6258153506910179
697,1,9.970658072185895,0.5051712918133041,-19658.362289112,3.0,1.0,0.9915523876092642,-19658.362289112,19658.548088471758,-0.034453012187441345,-0.034453012187441345,2.0,0.0,0.6258153506910179,0.6258153506910179
698,1,9.969546184994437,0.5065428858558899,-19658.345793670094,3.0,1.0,0.9960329044487558,-19658.345793670094,19658.446146522732,0.0005695660402125213,0.010099260311108083,1.0,0.0,0.6258153506910179,0.6258153506910179
699,1,10.006024766946556,0.5128494533401379,-19659.11046798654,3.0,1.0,0.8550834417584383,-19659.11046798654,19659.56293578204,0.12236839292381774,0.2392171124702145,1.0,0.0,0.6258153506910179,0.6258153506910179
700,1,10.014432473849896,0.5110594461829076,-19658.786981401492,3.0,1.0,1.0,-19658.786981401492,19659.147281464673,-0.03773337076563621,-0.15745650993630989,2.0,0.0,0.6258153506910179,0.6258153506910179
